Workbook

Sheet Analysis
A1: Technical Errors Breakdown | G1: Errors by Game | M1: Voided Games Breakdown | AF1: TOTAL DAILY ERRORS BREAKDOWN | BL1: Total Errors/Table MTD | BN1: Ave. Daily Errors | BT1: =$AF$2 -> 01.01.2025 | BU1: =$AG$2 -> 02.01.2025 | BV1: =$AH$2 -> 03.01.2025 | BW1: =$AI$2 -> 04.01.2025 | BX1: =$AJ$2 -> 05.01.2025 | BY1: =$AK$2 -> 06.01.2025 | BZ1: =$AL$2 -> 07.9.2025 | CA1: =$AM$2 -> 08.01.2025 | CB1: =$AN$2 -> 09.01.2025 | CC1: =$AO$2 -> 10.01.2025 | CD1: =$AP$2 -> 11.01.2025 | CE1: =$AQ$2 -> 12.01.2025 | CF1: =$AR$2 -> 13.01.2025 | CG1: =$AS$2 -> 14.01.2025 | CH1: =$AT$2 -> 15.01.2025 | CI1: =$AU$2 -> 16.01.2025 | CJ1: =$AV$2 -> 17.01.2025 | CK1: =$AW$2 -> 18.01.2025 | CL1: =$AX$2 -> 19.01.2025 | CM1: =$AY$2 -> 20.01.2025 | CN1: =$AZ$2 -> 21.01.2025 | CO1: =$BA$2 -> 22.01.2025 | CP1: =$BB$2 -> 23.01.2025 | CQ1: =$BC$2 -> 24.01.2025 | CR1: =$BD$2 -> 25.01.2025 | CS1: =$BE$2 -> 26.01.2025 | CT1: =$BF$2 -> 27.01.2025 | CU1: =$BG$2 -> 28.01.2025 | CV1: =$BH$2 -> 29.01.2025 | CW1: =$BI$2 -> 30.01.2025 | CX1: =$BJ$2 -> 31.01.2025 | CZ1: Total Voids/Table/MTD | DB1: Ave. Voids/Table/Day
A2: Technical Error Type. | B2: Total Number of Errors | C2: Bacc Tech Errors | D2: Roulette Tech Errors | E2: Sic Bo Tech Errors | G2: Table No. | H2: Total No. of Errors | I2: No. of Tech. Errors | J2: No. of Hum. Errors | K2: Game Ended with wrong Result | M2: Table No. | N2: Total No. of Voids | O2: No. of Tech. Voids | P2: No. of Hum. Error Voids | Q2: System Voids | R2: Manual Voids | AE2: Table Code | AF2: 01.01.2025 | AG2: 02.01.2025 | AH2: 03.01.2025 | AI2: 04.01.2025 | AJ2: 05.01.2025 | AK2: 06.01.2025 | AL2: 07.9.2025 | AM2: 08.01.2025 | AN2: 09.01.2025 | AO2: 10.01.2025 | AP2: 11.01.2025 | AQ2: 12.01.2025 | AR2: 13.01.2025 | AS2: 14.01.2025 | AT2: 15.01.2025 | AU2: 16.01.2025 | AV2: 17.01.2025 | AW2: 18.01.2025 | AX2: 19.01.2025 | AY2: 20.01.2025 | AZ2: 21.01.2025 | BA2: 22.01.2025 | BB2: 23.01.2025 | BC2: 24.01.2025 | BD2: 25.01.2025 | BE2: 26.01.2025 | BF2: 27.01.2025 | BG2: 28.01.2025 | BH2: 29.01.2025 | BI2: 30.01.2025 | BJ2: 31.01.2025 | BO2: Table Code | BS2: Table Code | BT2: DAILY SYSTEM VOIDS | DC2: Table Code
A3: TV-B | B3: =COUNTIF(Errors!$I$3:$I$3008,$A3) -> 45 | C3: =COUNTIFS(Errors!$I$3:$I$3008,$A3,Errors!$J$3:$J$3008,"Bacc") -> 43 | D3: =COUNTIFS(Errors!$I$3:$I$3008,$A3,Errors!$J$3:$J$3008,"Rou") -> 2 | E3: =COUNTIFS(Errors!$I$3:$I$3008,$A3,Errors!$J$3:$J$3008,"Sic Bo") -> 0 | H3: =COUNTIF(Errors!$F$3:$F$3008,$G3) -> 0 | I3: =COUNTIFS(Errors!$F$3:$F$3008,$G3,Errors!$I$3:$I$3008,"TV*") -> 0 | J3: =COUNTIFS(Errors!$F$3:$F$3008,$G3,Errors!$I$3:$I$3008,"<>TV*") -> 0 | K3: =COUNTIFS(Errors!$F$3:$F$3008,$G3,Errors!$Q$3:$Q$3008,"yes") -> 0 | N3: =COUNTIFS(Errors!$O$3:$O$3008,"Yes",Errors!$F$3:$F$3008,$M3)+COUNTIFS(Errors!$P$3:$P$3008,"Yes",Errors!$F$3:$F$3008,$M3) -> 0 | O3: =COUNTIFS(Errors!$O$3:$O$3008,"Yes",Errors!$F$3:$F$3008,$M3,Errors!$I$3:$I$3008,"TV*")+COUNTIFS(Errors!$P$3:$P$3008,"Yes",Errors!$F$3:$F$3008,$M3,Errors!$I$3:$I$3008,"TV*") -> 0 | P3: =COUNTIFS(Errors!$O$3:$O$3008,"Yes",Errors!$F$3:$F$3008,$M3,Errors!$I$3:$I$3008,"<>TV*")+COUNTIFS(Errors!$P$3:$P$3008,"Yes",Errors!$F$3:$F$3008,$M3,Errors!$I$3:$I$3008,"<>TV*") -> 0 | Q3: =COUNTIFS(Errors!$F$3:$F$3008,$M3,Errors!$O$3:$O$3008,"yes") -> 0 | R3: =COUNTIFS(Errors!$F$3:$F$3008,$M3,Errors!$P$3:$P$3008,"yes") -> 0 | AF3: =COUNTIFS(Errors!$F:$F,Analysis!$AE32,Errors!$D:$D,Analysis!$AF$2) -> 0 | AG3: =COUNTIFS(Errors!$F:$F,Analysis!$AE32,Errors!$D:$D,Analysis!$AG$2) -> 0 | AH3: =COUNTIFS(Errors!$F:$F,Analysis!$AE32,Errors!$D:$D,Analysis!$AH$2) -> 0 | AI3: =COUNTIFS(Errors!$F:$F,Analysis!$AE32,Errors!$D:$D,Analysis!$AI$2) -> 0 | AJ3: =COUNTIFS(Errors!$F:$F,Analysis!$AE32,Errors!$D:$D,Analysis!$AJ$2) -> 0 | AK3: =COUNTIFS(Errors!$F:$F,Analysis!$AE32,Errors!$D:$D,Analysis!$AK$2) -> 0 | AL3: =COUNTIFS(Errors!$F:$F,Analysis!$AE32,Errors!$D:$D,Analysis!$AL$2) -> 0 | AM3: =COUNTIFS(Errors!$F:$F,Analysis!$AE32,Errors!$D:$D,Analysis!$AM$2) -> 0 | AN3: =COUNTIFS(Errors!$F:$F,Analysis!$AE32,Errors!$D:$D,Analysis!$AN$2) -> 0 | AO3: =COUNTIFS(Errors!$F:$F,Analysis!$AE32,Errors!$D:$D,Analysis!$AO$2) -> 0 | AP3: =COUNTIFS(Errors!$F:$F,Analysis!$AE32,Errors!$D:$D,Analysis!$AP$2) -> 0 | AQ3: =COUNTIFS(Errors!$F:$F,Analysis!$AE32,Errors!$D:$D,Analysis!$AQ$2) -> 0 | AR3: =COUNTIFS(Errors!$F:$F,Analysis!$AE32,Errors!$D:$D,Analysis!$AR$2) -> 0 | AS3: =COUNTIFS(Errors!$F:$F,Analysis!$AE32,Errors!$D:$D,Analysis!$AS$2) -> 0 | AT3: =COUNTIFS(Errors!$F:$F,Analysis!$AE32,Errors!$D:$D,Analysis!$AT$2) -> 0 | AU3: =COUNTIFS(Errors!$F:$F,Analysis!$AE32,Errors!$D:$D,Analysis!$AU$2) -> 0 | AV3: =COUNTIFS(Errors!$F:$F,Analysis!$AE32,Errors!$D:$D,Analysis!$AV$2) -> 0 | AW3: =COUNTIFS(Errors!$F:$F,Analysis!$AE32,Errors!$D:$D,Analysis!$AW$2) -> 0 | AX3: =COUNTIFS(Errors!$F:$F,Analysis!$AE32,Errors!$D:$D,Analysis!$AX$2) -> 0 | AY3: =COUNTIFS(Errors!$F:$F,Analysis!$AE32,Errors!$D:$D,Analysis!$AY$2) -> 0 | AZ3: =COUNTIFS(Errors!$F:$F,Analysis!$AE32,Errors!$D:$D,Analysis!$AZ$2) -> 0 | BA3: =COUNTIFS(Errors!$F:$F,Analysis!$AE32,Errors!$D:$D,Analysis!$BA$2) -> 0 | BB3: =COUNTIFS(Errors!$F:$F,Analysis!$AE32,Errors!$D:$D,Analysis!$BB$2) -> 0 | BC3: =COUNTIFS(Errors!$F:$F,Analysis!$AE32,Errors!$D:$D,Analysis!$BC$2) -> 0 | BD3: =COUNTIFS(Errors!$F:$F,Analysis!$AE32,Errors!$D:$D,Analysis!$BD$2) -> 0 | BE3: =COUNTIFS(Errors!$F:$F,Analysis!$AE32,Errors!$D:$D,Analysis!$BE$2) -> 0 | BF3: =COUNTIFS(Errors!$F:$F,Analysis!$AE32,Errors!$D:$D,Analysis!$BF$2) -> 0 | BG3: =COUNTIFS(Errors!$F:$F,Analysis!$AE32,Errors!$D:$D,Analysis!$BG$2) -> 0 | BH3: =COUNTIFS(Errors!$F:$F,Analysis!$AE32,Errors!$D:$D,Analysis!$BH$2) -> 0 | BI3: =COUNTIFS(Errors!$F:$F,Analysis!$AE32,Errors!$D:$D,Analysis!$BI$2) -> 0 | BJ3: =COUNTIFS(Errors!$F:$F,Analysis!$AE32,Errors!$D:$D,Analysis!$BJ$2) -> 0 | BL3: =SUM(AF3:BJ3) -> 0 | BN3: =AVERAGE(AF3:BJ3) -> 0 | BO3: Baccarat_E1 | BS3: Baccarat_E1 | BT3: =COUNTIFS(Errors!$D:$D,Analysis!BT$1,Errors!$F:$F,Analysis!$BS3,Errors!$O:$O,"YES") -> 0 | BU3: =COUNTIFS(Errors!$D:$D,Analysis!BU$1,Errors!$F:$F,Analysis!$BS3,Errors!$O:$O,"YES") -> 0 | BV3: =COUNTIFS(Errors!$D:$D,Analysis!BV$1,Errors!$F:$F,Analysis!$BS3,Errors!$O:$O,"YES") -> 0 | BW3: =COUNTIFS(Errors!$D:$D,Analysis!BW$1,Errors!$F:$F,Analysis!$BS3,Errors!$O:$O,"YES") -> 0 | BX3: =COUNTIFS(Errors!$D:$D,Analysis!BX$1,Errors!$F:$F,Analysis!$BS3,Errors!$O:$O,"YES") -> 0 | BY3: =COUNTIFS(Errors!$D:$D,Analysis!BY$1,Errors!$F:$F,Analysis!$BS3,Errors!$O:$O,"YES") -> 0 | BZ3: =COUNTIFS(Errors!$D:$D,Analysis!BZ$1,Errors!$F:$F,Analysis!$BS3,Errors!$O:$O,"YES") -> 0 | CA3: =COUNTIFS(Errors!$D:$D,Analysis!CA$1,Errors!$F:$F,Analysis!$BS3,Errors!$O:$O,"YES") -> 0 | ... CX3: =COUNTIFS(Errors!$D:$D,Analysis!CX$1,Errors!$F:$F,Analysis!$BS3,Errors!$O:$O,"YES") -> 0 | CZ3: =SUM(BT3:CX3) -> 0 | DB3: =AVERAGE(BT3:CX3) -> 0 | DC3: Baccarat_E1
A4: TV-RO | B4: =COUNTIF(Errors!$I$3:$I$3008,$A4) -> 11 | C4: =COUNTIFS(Errors!$I$3:$I$3008,$A4,Errors!$J$3:$J$3008,"Bacc") -> 0 | D4: =COUNTIFS(Errors!$I$3:$I$3008,$A4,Errors!$J$3:$J$3008,"Rou") -> 11 | E4: =COUNTIFS(Errors!$I$3:$I$3008,$A4,Errors!$J$3:$J$3008,"Sic Bo") -> 0 | H4: =COUNTIF(Errors!$F$3:$F$3008,$G4) -> 0 | I4: =COUNTIFS(Errors!$F$3:$F$3008,$G4,Errors!$I$3:$I$3008,"TV*") -> 0 | J4: =COUNTIFS(Errors!$F$3:$F$3008,$G4,Errors!$I$3:$I$3008,"<>TV*") -> 0 | K4: =COUNTIFS(Errors!$F$3:$F$3008,$G4,Errors!$Q$3:$Q$3008,"yes") -> 0 | N4: =COUNTIFS(Errors!$O$3:$O$3008,"Yes",Errors!$F$3:$F$3008,$M4)+COUNTIFS(Errors!$P$3:$P$3008,"Yes",Errors!$F$3:$F$3008,$M4) -> 0 | O4: =COUNTIFS(Errors!$O$3:$O$3008,"Yes",Errors!$F$3:$F$3008,$M4,Errors!$I$3:$I$3008,"TV*")+COUNTIFS(Errors!$P$3:$P$3008,"Yes",Errors!$F$3:$F$3008,$M4,Errors!$I$3:$I$3008,"TV*") -> 0 | P4: =COUNTIFS(Errors!$O$3:$O$3008,"Yes",Errors!$F$3:$F$3008,$M4,Errors!$I$3:$I$3008,"<>TV*")+COUNTIFS(Errors!$P$3:$P$3008,"Yes",Errors!$F$3:$F$3008,$M4,Errors!$I$3:$I$3008,"<>TV*") -> 0 | Q4: =COUNTIFS(Errors!$F$3:$F$3008,$M4,Errors!$O$3:$O$3008,"yes") -> 0 | R4: =COUNTIFS(Errors!$F$3:$F$3008,$M4,Errors!$P$3:$P$3008,"yes") -> 0 | AF4: =COUNTIFS(Errors!$F:$F,Analysis!$AE33,Errors!$D:$D,Analysis!$AF$2) -> 0 | AG4: =COUNTIFS(Errors!$F:$F,Analysis!$AE33,Errors!$D:$D,Analysis!$AG$2) -> 0 | AH4: =COUNTIFS(Errors!$F:$F,Analysis!$AE33,Errors!$D:$D,Analysis!$AH$2) -> 0 | AI4: =COUNTIFS(Errors!$F:$F,Analysis!$AE33,Errors!$D:$D,Analysis!$AI$2) -> 0 | AJ4: =COUNTIFS(Errors!$F:$F,Analysis!$AE33,Errors!$D:$D,Analysis!$AJ$2) -> 0 | AK4: =COUNTIFS(Errors!$F:$F,Analysis!$AE33,Errors!$D:$D,Analysis!$AK$2) -> 0 | AL4: =COUNTIFS(Errors!$F:$F,Analysis!$AE33,Errors!$D:$D,Analysis!$AL$2) -> 0 | AM4: =COUNTIFS(Errors!$F:$F,Analysis!$AE33,Errors!$D:$D,Analysis!$AM$2) -> 0 | AN4: =COUNTIFS(Errors!$F:$F,Analysis!$AE33,Errors!$D:$D,Analysis!$AN$2) -> 0 | AO4: =COUNTIFS(Errors!$F:$F,Analysis!$AE33,Errors!$D:$D,Analysis!$AO$2) -> 0 | AP4: =COUNTIFS(Errors!$F:$F,Analysis!$AE33,Errors!$D:$D,Analysis!$AP$2) -> 0 | AQ4: =COUNTIFS(Errors!$F:$F,Analysis!$AE33,Errors!$D:$D,Analysis!$AQ$2) -> 0 | AR4: =COUNTIFS(Errors!$F:$F,Analysis!$AE33,Errors!$D:$D,Analysis!$AR$2) -> 0 | AS4: =COUNTIFS(Errors!$F:$F,Analysis!$AE33,Errors!$D:$D,Analysis!$AS$2) -> 0 | AT4: =COUNTIFS(Errors!$F:$F,Analysis!$AE33,Errors!$D:$D,Analysis!$AT$2) -> 0 | AU4: =COUNTIFS(Errors!$F:$F,Analysis!$AE33,Errors!$D:$D,Analysis!$AU$2) -> 0 | AV4: =COUNTIFS(Errors!$F:$F,Analysis!$AE33,Errors!$D:$D,Analysis!$AV$2) -> 0 | AW4: =COUNTIFS(Errors!$F:$F,Analysis!$AE33,Errors!$D:$D,Analysis!$AW$2) -> 0 | AX4: =COUNTIFS(Errors!$F:$F,Analysis!$AE33,Errors!$D:$D,Analysis!$AX$2) -> 0 | AY4: =COUNTIFS(Errors!$F:$F,Analysis!$AE33,Errors!$D:$D,Analysis!$AY$2) -> 0 | AZ4: =COUNTIFS(Errors!$F:$F,Analysis!$AE33,Errors!$D:$D,Analysis!$AZ$2) -> 0 | BA4: =COUNTIFS(Errors!$F:$F,Analysis!$AE33,Errors!$D:$D,Analysis!$BA$2) -> 0 | BB4: =COUNTIFS(Errors!$F:$F,Analysis!$AE33,Errors!$D:$D,Analysis!$BB$2) -> 0 | BC4: =COUNTIFS(Errors!$F:$F,Analysis!$AE33,Errors!$D:$D,Analysis!$BC$2) -> 0 | BD4: =COUNTIFS(Errors!$F:$F,Analysis!$AE33,Errors!$D:$D,Analysis!$BD$2) -> 0 | BE4: =COUNTIFS(Errors!$F:$F,Analysis!$AE33,Errors!$D:$D,Analysis!$BE$2) -> 0 | BF4: =COUNTIFS(Errors!$F:$F,Analysis!$AE33,Errors!$D:$D,Analysis!$BF$2) -> 0 | BG4: =COUNTIFS(Errors!$F:$F,Analysis!$AE33,Errors!$D:$D,Analysis!$BG$2) -> 0 | BH4: =COUNTIFS(Errors!$F:$F,Analysis!$AE33,Errors!$D:$D,Analysis!$BH$2) -> 0 | BI4: =COUNTIFS(Errors!$F:$F,Analysis!$AE33,Errors!$D:$D,Analysis!$BI$2) -> 0 | BJ4: =COUNTIFS(Errors!$F:$F,Analysis!$AE33,Errors!$D:$D,Analysis!$BJ$2) -> 0 | BL4: =SUM(AF4:BJ4) -> 0 | BN4: =AVERAGE(AF4:BJ4) -> 0 | BO4: Baccarat_E2 | BS4: Baccarat_E2 | BT4: =COUNTIFS(Errors!$D:$D,Analysis!BT$1,Errors!$F:$F,Analysis!$BS4,Errors!$O:$O,"YES") -> 0 | BU4: =COUNTIFS(Errors!$D:$D,Analysis!BU$1,Errors!$F:$F,Analysis!$BS4,Errors!$O:$O,"YES") -> 0 | BV4: =COUNTIFS(Errors!$D:$D,Analysis!BV$1,Errors!$F:$F,Analysis!$BS4,Errors!$O:$O,"YES") -> 0 | BW4: =COUNTIFS(Errors!$D:$D,Analysis!BW$1,Errors!$F:$F,Analysis!$BS4,Errors!$O:$O,"YES") -> 0 | BX4: =COUNTIFS(Errors!$D:$D,Analysis!BX$1,Errors!$F:$F,Analysis!$BS4,Errors!$O:$O,"YES") -> 0 | BY4: =COUNTIFS(Errors!$D:$D,Analysis!BY$1,Errors!$F:$F,Analysis!$BS4,Errors!$O:$O,"YES") -> 0 | BZ4: =COUNTIFS(Errors!$D:$D,Analysis!BZ$1,Errors!$F:$F,Analysis!$BS4,Errors!$O:$O,"YES") -> 0 | CA4: =COUNTIFS(Errors!$D:$D,Analysis!CA$1,Errors!$F:$F,Analysis!$BS4,Errors!$O:$O,"YES") -> 0 | ... CX4: =COUNTIFS(Errors!$D:$D,Analysis!CX$1,Errors!$F:$F,Analysis!$BS4,Errors!$O:$O,"YES") -> 0 | CZ4: =SUM(BT4:CX4) -> 0 | DB4: =AVERAGE(BT4:CX4) -> 0 | DC4: Baccarat_E2
A5: TV-1 | B5: =COUNTIF(Errors!$I$3:$I$3008,$A5) -> 0 | C5: =COUNTIFS(Errors!$I$3:$I$3008,$A5,Errors!$J$3:$J$3008,"Bacc") -> 0 | D5: =COUNTIFS(Errors!$I$3:$I$3008,$A5,Errors!$J$3:$J$3008,"Rou") -> 0 | E5: =COUNTIFS(Errors!$I$3:$I$3008,$A5,Errors!$J$3:$J$3008,"Sic Bo") -> 0 | H5: =COUNTIF(Errors!$F$3:$F$3008,$G5) -> 0 | I5: =COUNTIFS(Errors!$F$3:$F$3008,$G5,Errors!$I$3:$I$3008,"TV*") -> 0 | J5: =COUNTIFS(Errors!$F$3:$F$3008,$G5,Errors!$I$3:$I$3008,"<>TV*") -> 0 | K5: =COUNTIFS(Errors!$F$3:$F$3008,$G5,Errors!$Q$3:$Q$3008,"yes") -> 0 | N5: =COUNTIFS(Errors!$O$3:$O$3008,"Yes",Errors!$F$3:$F$3008,$M5)+COUNTIFS(Errors!$P$3:$P$3008,"Yes",Errors!$F$3:$F$3008,$M5) -> 0 | O5: =COUNTIFS(Errors!$O$3:$O$3008,"Yes",Errors!$F$3:$F$3008,$M5,Errors!$I$3:$I$3008,"TV*")+COUNTIFS(Errors!$P$3:$P$3008,"Yes",Errors!$F$3:$F$3008,$M5,Errors!$I$3:$I$3008,"TV*") -> 0 | P5: =COUNTIFS(Errors!$O$3:$O$3008,"Yes",Errors!$F$3:$F$3008,$M5,Errors!$I$3:$I$3008,"<>TV*")+COUNTIFS(Errors!$P$3:$P$3008,"Yes",Errors!$F$3:$F$3008,$M5,Errors!$I$3:$I$3008,"<>TV*") -> 0 | Q5: =COUNTIFS(Errors!$F$3:$F$3008,$M5,Errors!$O$3:$O$3008,"yes") -> 0 | R5: =COUNTIFS(Errors!$F$3:$F$3008,$M5,Errors!$P$3:$P$3008,"yes") -> 0 | AF5: =COUNTIFS(Errors!$F:$F,Analysis!$AE34,Errors!$D:$D,Analysis!$AF$2) -> 0 | AG5: =COUNTIFS(Errors!$F:$F,Analysis!$AE34,Errors!$D:$D,Analysis!$AG$2) -> 0 | AH5: =COUNTIFS(Errors!$F:$F,Analysis!$AE34,Errors!$D:$D,Analysis!$AH$2) -> 0 | AI5: =COUNTIFS(Errors!$F:$F,Analysis!$AE34,Errors!$D:$D,Analysis!$AI$2) -> 0 | AJ5: =COUNTIFS(Errors!$F:$F,Analysis!$AE34,Errors!$D:$D,Analysis!$AJ$2) -> 0 | AK5: =COUNTIFS(Errors!$F:$F,Analysis!$AE34,Errors!$D:$D,Analysis!$AK$2) -> 0 | AL5: =COUNTIFS(Errors!$F:$F,Analysis!$AE34,Errors!$D:$D,Analysis!$AL$2) -> 0 | AM5: =COUNTIFS(Errors!$F:$F,Analysis!$AE34,Errors!$D:$D,Analysis!$AM$2) -> 0 | AN5: =COUNTIFS(Errors!$F:$F,Analysis!$AE34,Errors!$D:$D,Analysis!$AN$2) -> 0 | AO5: =COUNTIFS(Errors!$F:$F,Analysis!$AE34,Errors!$D:$D,Analysis!$AO$2) -> 0 | AP5: =COUNTIFS(Errors!$F:$F,Analysis!$AE34,Errors!$D:$D,Analysis!$AP$2) -> 0 | AQ5: =COUNTIFS(Errors!$F:$F,Analysis!$AE34,Errors!$D:$D,Analysis!$AQ$2) -> 0 | AR5: =COUNTIFS(Errors!$F:$F,Analysis!$AE34,Errors!$D:$D,Analysis!$AR$2) -> 0 | AS5: =COUNTIFS(Errors!$F:$F,Analysis!$AE34,Errors!$D:$D,Analysis!$AS$2) -> 0 | AT5: =COUNTIFS(Errors!$F:$F,Analysis!$AE34,Errors!$D:$D,Analysis!$AT$2) -> 0 | AU5: =COUNTIFS(Errors!$F:$F,Analysis!$AE34,Errors!$D:$D,Analysis!$AU$2) -> 0 | AV5: =COUNTIFS(Errors!$F:$F,Analysis!$AE34,Errors!$D:$D,Analysis!$AV$2) -> 0 | AW5: =COUNTIFS(Errors!$F:$F,Analysis!$AE34,Errors!$D:$D,Analysis!$AW$2) -> 0 | AX5: =COUNTIFS(Errors!$F:$F,Analysis!$AE34,Errors!$D:$D,Analysis!$AX$2) -> 0 | AY5: =COUNTIFS(Errors!$F:$F,Analysis!$AE34,Errors!$D:$D,Analysis!$AY$2) -> 0 | AZ5: =COUNTIFS(Errors!$F:$F,Analysis!$AE34,Errors!$D:$D,Analysis!$AZ$2) -> 0 | BA5: =COUNTIFS(Errors!$F:$F,Analysis!$AE34,Errors!$D:$D,Analysis!$BA$2) -> 0 | BB5: =COUNTIFS(Errors!$F:$F,Analysis!$AE34,Errors!$D:$D,Analysis!$BB$2) -> 0 | BC5: =COUNTIFS(Errors!$F:$F,Analysis!$AE34,Errors!$D:$D,Analysis!$BC$2) -> 0 | BD5: =COUNTIFS(Errors!$F:$F,Analysis!$AE34,Errors!$D:$D,Analysis!$BD$2) -> 0 | BE5: =COUNTIFS(Errors!$F:$F,Analysis!$AE34,Errors!$D:$D,Analysis!$BE$2) -> 0 | BF5: =COUNTIFS(Errors!$F:$F,Analysis!$AE34,Errors!$D:$D,Analysis!$BF$2) -> 0 | BG5: =COUNTIFS(Errors!$F:$F,Analysis!$AE34,Errors!$D:$D,Analysis!$BG$2) -> 0 | BH5: =COUNTIFS(Errors!$F:$F,Analysis!$AE34,Errors!$D:$D,Analysis!$BH$2) -> 0 | BI5: =COUNTIFS(Errors!$F:$F,Analysis!$AE34,Errors!$D:$D,Analysis!$BI$2) -> 0 | BJ5: =COUNTIFS(Errors!$F:$F,Analysis!$AE34,Errors!$D:$D,Analysis!$BJ$2) -> 0 | BL5: =SUM(AF5:BJ5) -> 0 | BN5: =AVERAGE(AF5:BJ5) -> 0 | BO5: Baccarat_E3 | BS5: Baccarat_E3 | BT5: =COUNTIFS(Errors!$D:$D,Analysis!BT$1,Errors!$F:$F,Analysis!$BS5,Errors!$O:$O,"YES") -> 0 | BU5: =COUNTIFS(Errors!$D:$D,Analysis!BU$1,Errors!$F:$F,Analysis!$BS5,Errors!$O:$O,"YES") -> 0 | BV5: =COUNTIFS(Errors!$D:$D,Analysis!BV$1,Errors!$F:$F,Analysis!$BS5,Errors!$O:$O,"YES") -> 0 | BW5: =COUNTIFS(Errors!$D:$D,Analysis!BW$1,Errors!$F:$F,Analysis!$BS5,Errors!$O:$O,"YES") -> 0 | BX5: =COUNTIFS(Errors!$D:$D,Analysis!BX$1,Errors!$F:$F,Analysis!$BS5,Errors!$O:$O,"YES") -> 0 | BY5: =COUNTIFS(Errors!$D:$D,Analysis!BY$1,Errors!$F:$F,Analysis!$BS5,Errors!$O:$O,"YES") -> 0 | BZ5: =COUNTIFS(Errors!$D:$D,Analysis!BZ$1,Errors!$F:$F,Analysis!$BS5,Errors!$O:$O,"YES") -> 0 | CA5: =COUNTIFS(Errors!$D:$D,Analysis!CA$1,Errors!$F:$F,Analysis!$BS5,Errors!$O:$O,"YES") -> 0 | ... CX5: =COUNTIFS(Errors!$D:$D,Analysis!CX$1,Errors!$F:$F,Analysis!$BS5,Errors!$O:$O,"YES") -> 0 | CZ5: =SUM(BT5:CX5) -> 0 | DB5: =AVERAGE(BT5:CX5) -> 0 | DC5: Baccarat_E3
A6: TV-2 | B6: =COUNTIF(Errors!$I$3:$I$3008,$A6) -> 0 | C6: =COUNTIFS(Errors!$I$3:$I$3008,$A6,Errors!$J$3:$J$3008,"Bacc") -> 0 | D6: =COUNTIFS(Errors!$I$3:$I$3008,$A6,Errors!$J$3:$J$3008,"Rou") -> 0 | E6: =COUNTIFS(Errors!$I$3:$I$3008,$A6,Errors!$J$3:$J$3008,"Sic Bo") -> 0 | H6: =COUNTIF(Errors!$F$3:$F$3008,$G6) -> 0 | I6: =COUNTIFS(Errors!$F$3:$F$3008,$G6,Errors!$I$3:$I$3008,"TV*") -> 0 | J6: =COUNTIFS(Errors!$F$3:$F$3008,$G6,Errors!$I$3:$I$3008,"<>TV*") -> 0 | K6: =COUNTIFS(Errors!$F$3:$F$3008,$G6,Errors!$Q$3:$Q$3008,"yes") -> 0 | N6: =COUNTIFS(Errors!$O$3:$O$3008,"Yes",Errors!$F$3:$F$3008,$M6)+COUNTIFS(Errors!$P$3:$P$3008,"Yes",Errors!$F$3:$F$3008,$M6) -> 0 | O6: =COUNTIFS(Errors!$O$3:$O$3008,"Yes",Errors!$F$3:$F$3008,$M6,Errors!$I$3:$I$3008,"TV*")+COUNTIFS(Errors!$P$3:$P$3008,"Yes",Errors!$F$3:$F$3008,$M6,Errors!$I$3:$I$3008,"TV*") -> 0 | P6: =COUNTIFS(Errors!$O$3:$O$3008,"Yes",Errors!$F$3:$F$3008,$M6,Errors!$I$3:$I$3008,"<>TV*")+COUNTIFS(Errors!$P$3:$P$3008,"Yes",Errors!$F$3:$F$3008,$M6,Errors!$I$3:$I$3008,"<>TV*") -> 0 | Q6: =COUNTIFS(Errors!$F$3:$F$3008,$M6,Errors!$O$3:$O$3008,"yes") -> 0 | R6: =COUNTIFS(Errors!$F$3:$F$3008,$M6,Errors!$P$3:$P$3008,"yes") -> 0 | AF6: =COUNTIFS(Errors!$F:$F,Analysis!$AE35,Errors!$D:$D,Analysis!$AF$2) -> 0 | AG6: =COUNTIFS(Errors!$F:$F,Analysis!$AE35,Errors!$D:$D,Analysis!$AG$2) -> 0 | AH6: =COUNTIFS(Errors!$F:$F,Analysis!$AE35,Errors!$D:$D,Analysis!$AH$2) -> 0 | AI6: =COUNTIFS(Errors!$F:$F,Analysis!$AE35,Errors!$D:$D,Analysis!$AI$2) -> 0 | AJ6: =COUNTIFS(Errors!$F:$F,Analysis!$AE35,Errors!$D:$D,Analysis!$AJ$2) -> 0 | AK6: =COUNTIFS(Errors!$F:$F,Analysis!$AE35,Errors!$D:$D,Analysis!$AK$2) -> 0 | AL6: =COUNTIFS(Errors!$F:$F,Analysis!$AE35,Errors!$D:$D,Analysis!$AL$2) -> 0 | AM6: =COUNTIFS(Errors!$F:$F,Analysis!$AE35,Errors!$D:$D,Analysis!$AM$2) -> 0 | AN6: =COUNTIFS(Errors!$F:$F,Analysis!$AE35,Errors!$D:$D,Analysis!$AN$2) -> 0 | AO6: =COUNTIFS(Errors!$F:$F,Analysis!$AE35,Errors!$D:$D,Analysis!$AO$2) -> 0 | AP6: =COUNTIFS(Errors!$F:$F,Analysis!$AE35,Errors!$D:$D,Analysis!$AP$2) -> 0 | AQ6: =COUNTIFS(Errors!$F:$F,Analysis!$AE35,Errors!$D:$D,Analysis!$AQ$2) -> 0 | AR6: =COUNTIFS(Errors!$F:$F,Analysis!$AE35,Errors!$D:$D,Analysis!$AR$2) -> 0 | AS6: =COUNTIFS(Errors!$F:$F,Analysis!$AE35,Errors!$D:$D,Analysis!$AS$2) -> 0 | AT6: =COUNTIFS(Errors!$F:$F,Analysis!$AE35,Errors!$D:$D,Analysis!$AT$2) -> 0 | AU6: =COUNTIFS(Errors!$F:$F,Analysis!$AE35,Errors!$D:$D,Analysis!$AU$2) -> 0 | AV6: =COUNTIFS(Errors!$F:$F,Analysis!$AE35,Errors!$D:$D,Analysis!$AV$2) -> 0 | AW6: =COUNTIFS(Errors!$F:$F,Analysis!$AE35,Errors!$D:$D,Analysis!$AW$2) -> 0 | AX6: =COUNTIFS(Errors!$F:$F,Analysis!$AE35,Errors!$D:$D,Analysis!$AX$2) -> 0 | AY6: =COUNTIFS(Errors!$F:$F,Analysis!$AE35,Errors!$D:$D,Analysis!$AY$2) -> 0 | AZ6: =COUNTIFS(Errors!$F:$F,Analysis!$AE35,Errors!$D:$D,Analysis!$AZ$2) -> 0 | BA6: =COUNTIFS(Errors!$F:$F,Analysis!$AE35,Errors!$D:$D,Analysis!$BA$2) -> 0 | BB6: =COUNTIFS(Errors!$F:$F,Analysis!$AE35,Errors!$D:$D,Analysis!$BB$2) -> 0 | BC6: =COUNTIFS(Errors!$F:$F,Analysis!$AE35,Errors!$D:$D,Analysis!$BC$2) -> 0 | BD6: =COUNTIFS(Errors!$F:$F,Analysis!$AE35,Errors!$D:$D,Analysis!$BD$2) -> 0 | BE6: =COUNTIFS(Errors!$F:$F,Analysis!$AE35,Errors!$D:$D,Analysis!$BE$2) -> 0 | BF6: =COUNTIFS(Errors!$F:$F,Analysis!$AE35,Errors!$D:$D,Analysis!$BF$2) -> 0 | BG6: =COUNTIFS(Errors!$F:$F,Analysis!$AE35,Errors!$D:$D,Analysis!$BG$2) -> 0 | BH6: =COUNTIFS(Errors!$F:$F,Analysis!$AE35,Errors!$D:$D,Analysis!$BH$2) -> 0 | BI6: =COUNTIFS(Errors!$F:$F,Analysis!$AE35,Errors!$D:$D,Analysis!$BI$2) -> 0 | BJ6: =COUNTIFS(Errors!$F:$F,Analysis!$AE35,Errors!$D:$D,Analysis!$BJ$2) -> 0 | BL6: =SUM(AF6:BJ6) -> 0 | BN6: =AVERAGE(AF6:BJ6) -> 0 | BO6: Baccarat_E4 | BS6: Baccarat_E4 | BT6: =COUNTIFS(Errors!$D:$D,Analysis!BT$1,Errors!$F:$F,Analysis!$BS6,Errors!$O:$O,"YES") -> 0 | BU6: =COUNTIFS(Errors!$D:$D,Analysis!BU$1,Errors!$F:$F,Analysis!$BS6,Errors!$O:$O,"YES") -> 0 | BV6: =COUNTIFS(Errors!$D:$D,Analysis!BV$1,Errors!$F:$F,Analysis!$BS6,Errors!$O:$O,"YES") -> 0 | BW6: =COUNTIFS(Errors!$D:$D,Analysis!BW$1,Errors!$F:$F,Analysis!$BS6,Errors!$O:$O,"YES") -> 0 | BX6: =COUNTIFS(Errors!$D:$D,Analysis!BX$1,Errors!$F:$F,Analysis!$BS6,Errors!$O:$O,"YES") -> 0 | BY6: =COUNTIFS(Errors!$D:$D,Analysis!BY$1,Errors!$F:$F,Analysis!$BS6,Errors!$O:$O,"YES") -> 0 | BZ6: =COUNTIFS(Errors!$D:$D,Analysis!BZ$1,Errors!$F:$F,Analysis!$BS6,Errors!$O:$O,"YES") -> 0 | CA6: =COUNTIFS(Errors!$D:$D,Analysis!CA$1,Errors!$F:$F,Analysis!$BS6,Errors!$O:$O,"YES") -> 0 | ... CX6: =COUNTIFS(Errors!$D:$D,Analysis!CX$1,Errors!$F:$F,Analysis!$BS6,Errors!$O:$O,"YES") -> 0 | CZ6: =SUM(BT6:CX6) -> 0 | DB6: =AVERAGE(BT6:CX6) -> 0 | DC6: Baccarat_E4
A7: TV-3 | B7: =COUNTIF(Errors!$I$3:$I$3008,$A7) -> 0 | C7: =COUNTIFS(Errors!$I$3:$I$3008,$A7,Errors!$J$3:$J$3008,"Bacc") -> 0 | D7: =COUNTIFS(Errors!$I$3:$I$3008,$A7,Errors!$J$3:$J$3008,"Rou") -> 0 | E7: =COUNTIFS(Errors!$I$3:$I$3008,$A7,Errors!$J$3:$J$3008,"Sic Bo") -> 0 | H7: =COUNTIF(Errors!$F$3:$F$3008,$G7) -> 0 | I7: =COUNTIFS(Errors!$F$3:$F$3008,$G7,Errors!$I$3:$I$3008,"TV*") -> 0 | J7: =COUNTIFS(Errors!$F$3:$F$3008,$G7,Errors!$I$3:$I$3008,"<>TV*") -> 0 | K7: =COUNTIFS(Errors!$F$3:$F$3008,$G7,Errors!$Q$3:$Q$3008,"yes") -> 0 | N7: =COUNTIFS(Errors!$O$3:$O$3008,"Yes",Errors!$F$3:$F$3008,$M7)+COUNTIFS(Errors!$P$3:$P$3008,"Yes",Errors!$F$3:$F$3008,$M7) -> 0 | O7: =COUNTIFS(Errors!$O$3:$O$3008,"Yes",Errors!$F$3:$F$3008,$M7,Errors!$I$3:$I$3008,"TV*")+COUNTIFS(Errors!$P$3:$P$3008,"Yes",Errors!$F$3:$F$3008,$M7,Errors!$I$3:$I$3008,"TV*") -> 0 | P7: =COUNTIFS(Errors!$O$3:$O$3008,"Yes",Errors!$F$3:$F$3008,$M7,Errors!$I$3:$I$3008,"<>TV*")+COUNTIFS(Errors!$P$3:$P$3008,"Yes",Errors!$F$3:$F$3008,$M7,Errors!$I$3:$I$3008,"<>TV*") -> 0 | Q7: =COUNTIFS(Errors!$F$3:$F$3008,$M7,Errors!$O$3:$O$3008,"yes") -> 0 | R7: =COUNTIFS(Errors!$F$3:$F$3008,$M7,Errors!$P$3:$P$3008,"yes") -> 0 | AF7: =COUNTIFS(Errors!$F:$F,Analysis!$AE36,Errors!$D:$D,Analysis!$AF$2) -> 0 | AG7: =COUNTIFS(Errors!$F:$F,Analysis!$AE36,Errors!$D:$D,Analysis!$AG$2) -> 0 | AH7: =COUNTIFS(Errors!$F:$F,Analysis!$AE36,Errors!$D:$D,Analysis!$AH$2) -> 0 | AI7: =COUNTIFS(Errors!$F:$F,Analysis!$AE36,Errors!$D:$D,Analysis!$AI$2) -> 0 | AJ7: =COUNTIFS(Errors!$F:$F,Analysis!$AE36,Errors!$D:$D,Analysis!$AJ$2) -> 0 | AK7: =COUNTIFS(Errors!$F:$F,Analysis!$AE36,Errors!$D:$D,Analysis!$AK$2) -> 0 | AL7: =COUNTIFS(Errors!$F:$F,Analysis!$AE36,Errors!$D:$D,Analysis!$AL$2) -> 0 | AM7: =COUNTIFS(Errors!$F:$F,Analysis!$AE36,Errors!$D:$D,Analysis!$AM$2) -> 0 | AN7: =COUNTIFS(Errors!$F:$F,Analysis!$AE36,Errors!$D:$D,Analysis!$AN$2) -> 0 | AO7: =COUNTIFS(Errors!$F:$F,Analysis!$AE36,Errors!$D:$D,Analysis!$AO$2) -> 0 | AP7: =COUNTIFS(Errors!$F:$F,Analysis!$AE36,Errors!$D:$D,Analysis!$AP$2) -> 0 | AQ7: =COUNTIFS(Errors!$F:$F,Analysis!$AE36,Errors!$D:$D,Analysis!$AQ$2) -> 0 | AR7: =COUNTIFS(Errors!$F:$F,Analysis!$AE36,Errors!$D:$D,Analysis!$AR$2) -> 0 | AS7: =COUNTIFS(Errors!$F:$F,Analysis!$AE36,Errors!$D:$D,Analysis!$AS$2) -> 0 | AT7: =COUNTIFS(Errors!$F:$F,Analysis!$AE36,Errors!$D:$D,Analysis!$AT$2) -> 0 | AU7: =COUNTIFS(Errors!$F:$F,Analysis!$AE36,Errors!$D:$D,Analysis!$AU$2) -> 0 | AV7: =COUNTIFS(Errors!$F:$F,Analysis!$AE36,Errors!$D:$D,Analysis!$AV$2) -> 0 | AW7: =COUNTIFS(Errors!$F:$F,Analysis!$AE36,Errors!$D:$D,Analysis!$AW$2) -> 0 | AX7: =COUNTIFS(Errors!$F:$F,Analysis!$AE36,Errors!$D:$D,Analysis!$AX$2) -> 0 | AY7: =COUNTIFS(Errors!$F:$F,Analysis!$AE36,Errors!$D:$D,Analysis!$AY$2) -> 0 | AZ7: =COUNTIFS(Errors!$F:$F,Analysis!$AE36,Errors!$D:$D,Analysis!$AZ$2) -> 0 | BA7: =COUNTIFS(Errors!$F:$F,Analysis!$AE36,Errors!$D:$D,Analysis!$BA$2) -> 0 | BB7: =COUNTIFS(Errors!$F:$F,Analysis!$AE36,Errors!$D:$D,Analysis!$BB$2) -> 0 | BC7: =COUNTIFS(Errors!$F:$F,Analysis!$AE36,Errors!$D:$D,Analysis!$BC$2) -> 0 | BD7: =COUNTIFS(Errors!$F:$F,Analysis!$AE36,Errors!$D:$D,Analysis!$BD$2) -> 0 | BE7: =COUNTIFS(Errors!$F:$F,Analysis!$AE36,Errors!$D:$D,Analysis!$BE$2) -> 0 | BF7: =COUNTIFS(Errors!$F:$F,Analysis!$AE36,Errors!$D:$D,Analysis!$BF$2) -> 0 | BG7: =COUNTIFS(Errors!$F:$F,Analysis!$AE36,Errors!$D:$D,Analysis!$BG$2) -> 0 | BH7: =COUNTIFS(Errors!$F:$F,Analysis!$AE36,Errors!$D:$D,Analysis!$BH$2) -> 0 | BI7: =COUNTIFS(Errors!$F:$F,Analysis!$AE36,Errors!$D:$D,Analysis!$BI$2) -> 0 | BJ7: =COUNTIFS(Errors!$F:$F,Analysis!$AE36,Errors!$D:$D,Analysis!$BJ$2) -> 0 | BL7: =SUM(AF7:BJ7) -> 0 | BN7: =AVERAGE(AF7:BJ7) -> 0 | BO7: Baccarat_E5 | BS7: Baccarat_E5 | BT7: =COUNTIFS(Errors!$D:$D,Analysis!BT$1,Errors!$F:$F,Analysis!$BS7,Errors!$O:$O,"YES") -> 0 | BU7: =COUNTIFS(Errors!$D:$D,Analysis!BU$1,Errors!$F:$F,Analysis!$BS7,Errors!$O:$O,"YES") -> 0 | BV7: =COUNTIFS(Errors!$D:$D,Analysis!BV$1,Errors!$F:$F,Analysis!$BS7,Errors!$O:$O,"YES") -> 0 | BW7: =COUNTIFS(Errors!$D:$D,Analysis!BW$1,Errors!$F:$F,Analysis!$BS7,Errors!$O:$O,"YES") -> 0 | BX7: =COUNTIFS(Errors!$D:$D,Analysis!BX$1,Errors!$F:$F,Analysis!$BS7,Errors!$O:$O,"YES") -> 0 | BY7: =COUNTIFS(Errors!$D:$D,Analysis!BY$1,Errors!$F:$F,Analysis!$BS7,Errors!$O:$O,"YES") -> 0 | BZ7: =COUNTIFS(Errors!$D:$D,Analysis!BZ$1,Errors!$F:$F,Analysis!$BS7,Errors!$O:$O,"YES") -> 0 | CA7: =COUNTIFS(Errors!$D:$D,Analysis!CA$1,Errors!$F:$F,Analysis!$BS7,Errors!$O:$O,"YES") -> 0 | ... CX7: =COUNTIFS(Errors!$D:$D,Analysis!CX$1,Errors!$F:$F,Analysis!$BS7,Errors!$O:$O,"YES") -> 0 | CZ7: =SUM(BT7:CX7) -> 0 | DB7: =AVERAGE(BT7:CX7) -> 0 | DC7: Baccarat_E5
A8: TV-HUM | B8: =COUNTIF(Errors!$I$3:$I$3008,$A8) -> 1 | C8: =COUNTIFS(Errors!$I$3:$I$3008,$A8,Errors!$J$3:$J$3008,"Bacc") -> 0 | D8: =COUNTIFS(Errors!$I$3:$I$3008,$A8,Errors!$J$3:$J$3008,"Rou") -> 1 | E8: =COUNTIFS(Errors!$I$3:$I$3008,$A8,Errors!$J$3:$J$3008,"Sic Bo") -> 0 | H8: =COUNTIF(Errors!$F$3:$F$3008,$G8) -> 0 | I8: =COUNTIFS(Errors!$F$3:$F$3008,$G8,Errors!$I$3:$I$3008,"TV*") -> 0 | J8: =COUNTIFS(Errors!$F$3:$F$3008,$G8,Errors!$I$3:$I$3008,"<>TV*") -> 0 | K8: =COUNTIFS(Errors!$F$3:$F$3008,$G8,Errors!$Q$3:$Q$3008,"yes") -> 0 | N8: =COUNTIFS(Errors!$O$3:$O$3008,"Yes",Errors!$F$3:$F$3008,$M8)+COUNTIFS(Errors!$P$3:$P$3008,"Yes",Errors!$F$3:$F$3008,$M8) -> 0 | O8: =COUNTIFS(Errors!$O$3:$O$3008,"Yes",Errors!$F$3:$F$3008,$M8,Errors!$I$3:$I$3008,"TV*")+COUNTIFS(Errors!$P$3:$P$3008,"Yes",Errors!$F$3:$F$3008,$M8,Errors!$I$3:$I$3008,"TV*") -> 0 | P8: =COUNTIFS(Errors!$O$3:$O$3008,"Yes",Errors!$F$3:$F$3008,$M8,Errors!$I$3:$I$3008,"<>TV*")+COUNTIFS(Errors!$P$3:$P$3008,"Yes",Errors!$F$3:$F$3008,$M8,Errors!$I$3:$I$3008,"<>TV*") -> 0 | Q8: =COUNTIFS(Errors!$F$3:$F$3008,$M8,Errors!$O$3:$O$3008,"yes") -> 0 | R8: =COUNTIFS(Errors!$F$3:$F$3008,$M8,Errors!$P$3:$P$3008,"yes") -> 0 | AF8: =COUNTIFS(Errors!$F:$F,Analysis!$AE37,Errors!$D:$D,Analysis!$AF$2) -> 0 | AG8: =COUNTIFS(Errors!$F:$F,Analysis!$AE37,Errors!$D:$D,Analysis!$AG$2) -> 0 | AH8: =COUNTIFS(Errors!$F:$F,Analysis!$AE37,Errors!$D:$D,Analysis!$AH$2) -> 0 | AI8: =COUNTIFS(Errors!$F:$F,Analysis!$AE37,Errors!$D:$D,Analysis!$AI$2) -> 0 | AJ8: =COUNTIFS(Errors!$F:$F,Analysis!$AE37,Errors!$D:$D,Analysis!$AJ$2) -> 0 | AK8: =COUNTIFS(Errors!$F:$F,Analysis!$AE37,Errors!$D:$D,Analysis!$AK$2) -> 0 | AL8: =COUNTIFS(Errors!$F:$F,Analysis!$AE37,Errors!$D:$D,Analysis!$AL$2) -> 0 | AM8: =COUNTIFS(Errors!$F:$F,Analysis!$AE37,Errors!$D:$D,Analysis!$AM$2) -> 0 | AN8: =COUNTIFS(Errors!$F:$F,Analysis!$AE37,Errors!$D:$D,Analysis!$AN$2) -> 0 | AO8: =COUNTIFS(Errors!$F:$F,Analysis!$AE37,Errors!$D:$D,Analysis!$AO$2) -> 0 | AP8: =COUNTIFS(Errors!$F:$F,Analysis!$AE37,Errors!$D:$D,Analysis!$AP$2) -> 0 | AQ8: =COUNTIFS(Errors!$F:$F,Analysis!$AE37,Errors!$D:$D,Analysis!$AQ$2) -> 0 | AR8: =COUNTIFS(Errors!$F:$F,Analysis!$AE37,Errors!$D:$D,Analysis!$AR$2) -> 0 | AS8: =COUNTIFS(Errors!$F:$F,Analysis!$AE37,Errors!$D:$D,Analysis!$AS$2) -> 0 | AT8: =COUNTIFS(Errors!$F:$F,Analysis!$AE37,Errors!$D:$D,Analysis!$AT$2) -> 0 | AU8: =COUNTIFS(Errors!$F:$F,Analysis!$AE37,Errors!$D:$D,Analysis!$AU$2) -> 0 | AV8: =COUNTIFS(Errors!$F:$F,Analysis!$AE37,Errors!$D:$D,Analysis!$AV$2) -> 0 | AW8: =COUNTIFS(Errors!$F:$F,Analysis!$AE37,Errors!$D:$D,Analysis!$AW$2) -> 0 | AX8: =COUNTIFS(Errors!$F:$F,Analysis!$AE37,Errors!$D:$D,Analysis!$AX$2) -> 0 | AY8: =COUNTIFS(Errors!$F:$F,Analysis!$AE37,Errors!$D:$D,Analysis!$AY$2) -> 0 | AZ8: =COUNTIFS(Errors!$F:$F,Analysis!$AE37,Errors!$D:$D,Analysis!$AZ$2) -> 0 | BA8: =COUNTIFS(Errors!$F:$F,Analysis!$AE37,Errors!$D:$D,Analysis!$BA$2) -> 0 | BB8: =COUNTIFS(Errors!$F:$F,Analysis!$AE37,Errors!$D:$D,Analysis!$BB$2) -> 0 | BC8: =COUNTIFS(Errors!$F:$F,Analysis!$AE37,Errors!$D:$D,Analysis!$BC$2) -> 0 | BD8: =COUNTIFS(Errors!$F:$F,Analysis!$AE37,Errors!$D:$D,Analysis!$BD$2) -> 0 | BE8: =COUNTIFS(Errors!$F:$F,Analysis!$AE37,Errors!$D:$D,Analysis!$BE$2) -> 0 | BF8: =COUNTIFS(Errors!$F:$F,Analysis!$AE37,Errors!$D:$D,Analysis!$BF$2) -> 0 | BG8: =COUNTIFS(Errors!$F:$F,Analysis!$AE37,Errors!$D:$D,Analysis!$BG$2) -> 0 | BH8: =COUNTIFS(Errors!$F:$F,Analysis!$AE37,Errors!$D:$D,Analysis!$BH$2) -> 0 | BI8: =COUNTIFS(Errors!$F:$F,Analysis!$AE37,Errors!$D:$D,Analysis!$BI$2) -> 0 | BJ8: =COUNTIFS(Errors!$F:$F,Analysis!$AE37,Errors!$D:$D,Analysis!$BJ$2) -> 0 | BL8: =SUM(AF8:BJ8) -> 0 | BN8: =AVERAGE(AF8:BJ8) -> 0 | BO8: Baccarat_E6 | BS8: Baccarat_E6 | BT8: =COUNTIFS(Errors!$D:$D,Analysis!BT$1,Errors!$F:$F,Analysis!$BS8,Errors!$O:$O,"YES") -> 0 | BU8: =COUNTIFS(Errors!$D:$D,Analysis!BU$1,Errors!$F:$F,Analysis!$BS8,Errors!$O:$O,"YES") -> 0 | BV8: =COUNTIFS(Errors!$D:$D,Analysis!BV$1,Errors!$F:$F,Analysis!$BS8,Errors!$O:$O,"YES") -> 0 | BW8: =COUNTIFS(Errors!$D:$D,Analysis!BW$1,Errors!$F:$F,Analysis!$BS8,Errors!$O:$O,"YES") -> 0 | BX8: =COUNTIFS(Errors!$D:$D,Analysis!BX$1,Errors!$F:$F,Analysis!$BS8,Errors!$O:$O,"YES") -> 0 | BY8: =COUNTIFS(Errors!$D:$D,Analysis!BY$1,Errors!$F:$F,Analysis!$BS8,Errors!$O:$O,"YES") -> 0 | BZ8: =COUNTIFS(Errors!$D:$D,Analysis!BZ$1,Errors!$F:$F,Analysis!$BS8,Errors!$O:$O,"YES") -> 0 | CA8: =COUNTIFS(Errors!$D:$D,Analysis!CA$1,Errors!$F:$F,Analysis!$BS8,Errors!$O:$O,"YES") -> 0 | ... CX8: =COUNTIFS(Errors!$D:$D,Analysis!CX$1,Errors!$F:$F,Analysis!$BS8,Errors!$O:$O,"YES") -> 0 | CZ8: =SUM(BT8:CX8) -> 0 | DB8: =AVERAGE(BT8:CX8) -> 0 | DC8: Baccarat_E6
A9: TV-COM | B9: =COUNTIF(Errors!$I$3:$I$3008,$A9) -> 1 | C9: =COUNTIFS(Errors!$I$3:$I$3008,$A9,Errors!$J$3:$J$3008,"Bacc") -> 1 | D9: =COUNTIFS(Errors!$I$3:$I$3008,$A9,Errors!$J$3:$J$3008,"Rou") -> 0 | E9: =COUNTIFS(Errors!$I$3:$I$3008,$A9,Errors!$J$3:$J$3008,"Sic Bo") -> 0 | H9: =COUNTIF(Errors!$F$3:$F$3008,$G9) -> 0 | I9: =COUNTIFS(Errors!$F$3:$F$3008,$G9,Errors!$I$3:$I$3008,"TV*") -> 0 | J9: =COUNTIFS(Errors!$F$3:$F$3008,$G9,Errors!$I$3:$I$3008,"<>TV*") -> 0 | K9: =COUNTIFS(Errors!$F$3:$F$3008,$G9,Errors!$Q$3:$Q$3008,"yes") -> 0 | N9: =COUNTIFS(Errors!$O$3:$O$3008,"Yes",Errors!$F$3:$F$3008,$M9)+COUNTIFS(Errors!$P$3:$P$3008,"Yes",Errors!$F$3:$F$3008,$M9) -> 0 | O9: =COUNTIFS(Errors!$O$3:$O$3008,"Yes",Errors!$F$3:$F$3008,$M9,Errors!$I$3:$I$3008,"TV*")+COUNTIFS(Errors!$P$3:$P$3008,"Yes",Errors!$F$3:$F$3008,$M9,Errors!$I$3:$I$3008,"TV*") -> 0 | P9: =COUNTIFS(Errors!$O$3:$O$3008,"Yes",Errors!$F$3:$F$3008,$M9,Errors!$I$3:$I$3008,"<>TV*")+COUNTIFS(Errors!$P$3:$P$3008,"Yes",Errors!$F$3:$F$3008,$M9,Errors!$I$3:$I$3008,"<>TV*") -> 0 | Q9: =COUNTIFS(Errors!$F$3:$F$3008,$M9,Errors!$O$3:$O$3008,"yes") -> 0 | R9: =COUNTIFS(Errors!$F$3:$F$3008,$M9,Errors!$P$3:$P$3008,"yes") -> 0 | AF9: =COUNTIFS(Errors!$F:$F,Analysis!$AE38,Errors!$D:$D,Analysis!$AF$2) -> 0 | AG9: =COUNTIFS(Errors!$F:$F,Analysis!$AE38,Errors!$D:$D,Analysis!$AG$2) -> 0 | AH9: =COUNTIFS(Errors!$F:$F,Analysis!$AE38,Errors!$D:$D,Analysis!$AH$2) -> 0 | AI9: =COUNTIFS(Errors!$F:$F,Analysis!$AE38,Errors!$D:$D,Analysis!$AI$2) -> 0 | AJ9: =COUNTIFS(Errors!$F:$F,Analysis!$AE38,Errors!$D:$D,Analysis!$AJ$2) -> 0 | AK9: =COUNTIFS(Errors!$F:$F,Analysis!$AE38,Errors!$D:$D,Analysis!$AK$2) -> 0 | AL9: =COUNTIFS(Errors!$F:$F,Analysis!$AE38,Errors!$D:$D,Analysis!$AL$2) -> 0 | AM9: =COUNTIFS(Errors!$F:$F,Analysis!$AE38,Errors!$D:$D,Analysis!$AM$2) -> 0 | AN9: =COUNTIFS(Errors!$F:$F,Analysis!$AE38,Errors!$D:$D,Analysis!$AN$2) -> 0 | AO9: =COUNTIFS(Errors!$F:$F,Analysis!$AE38,Errors!$D:$D,Analysis!$AO$2) -> 0 | AP9: =COUNTIFS(Errors!$F:$F,Analysis!$AE38,Errors!$D:$D,Analysis!$AP$2) -> 0 | AQ9: =COUNTIFS(Errors!$F:$F,Analysis!$AE38,Errors!$D:$D,Analysis!$AQ$2) -> 0 | AR9: =COUNTIFS(Errors!$F:$F,Analysis!$AE38,Errors!$D:$D,Analysis!$AR$2) -> 0 | AS9: =COUNTIFS(Errors!$F:$F,Analysis!$AE38,Errors!$D:$D,Analysis!$AS$2) -> 0 | AT9: =COUNTIFS(Errors!$F:$F,Analysis!$AE38,Errors!$D:$D,Analysis!$AT$2) -> 0 | AU9: =COUNTIFS(Errors!$F:$F,Analysis!$AE38,Errors!$D:$D,Analysis!$AU$2) -> 0 | AV9: =COUNTIFS(Errors!$F:$F,Analysis!$AE38,Errors!$D:$D,Analysis!$AV$2) -> 0 | AW9: =COUNTIFS(Errors!$F:$F,Analysis!$AE38,Errors!$D:$D,Analysis!$AW$2) -> 0 | AX9: =COUNTIFS(Errors!$F:$F,Analysis!$AE38,Errors!$D:$D,Analysis!$AX$2) -> 0 | AY9: =COUNTIFS(Errors!$F:$F,Analysis!$AE38,Errors!$D:$D,Analysis!$AY$2) -> 0 | AZ9: =COUNTIFS(Errors!$F:$F,Analysis!$AE38,Errors!$D:$D,Analysis!$AZ$2) -> 0 | BA9: =COUNTIFS(Errors!$F:$F,Analysis!$AE38,Errors!$D:$D,Analysis!$BA$2) -> 0 | BB9: =COUNTIFS(Errors!$F:$F,Analysis!$AE38,Errors!$D:$D,Analysis!$BB$2) -> 0 | BC9: =COUNTIFS(Errors!$F:$F,Analysis!$AE38,Errors!$D:$D,Analysis!$BC$2) -> 0 | BD9: =COUNTIFS(Errors!$F:$F,Analysis!$AE38,Errors!$D:$D,Analysis!$BD$2) -> 0 | BE9: =COUNTIFS(Errors!$F:$F,Analysis!$AE38,Errors!$D:$D,Analysis!$BE$2) -> 0 | BF9: =COUNTIFS(Errors!$F:$F,Analysis!$AE38,Errors!$D:$D,Analysis!$BF$2) -> 0 | BG9: =COUNTIFS(Errors!$F:$F,Analysis!$AE38,Errors!$D:$D,Analysis!$BG$2) -> 0 | BH9: =COUNTIFS(Errors!$F:$F,Analysis!$AE38,Errors!$D:$D,Analysis!$BH$2) -> 0 | BI9: =COUNTIFS(Errors!$F:$F,Analysis!$AE38,Errors!$D:$D,Analysis!$BI$2) -> 0 | BJ9: =COUNTIFS(Errors!$F:$F,Analysis!$AE38,Errors!$D:$D,Analysis!$BJ$2) -> 0 | BL9: =SUM(AF9:BJ9) -> 0 | BN9: =AVERAGE(AF9:BJ9) -> 0 | BO9: Baccarat_E7 | BS9: Baccarat_E7 | BT9: =COUNTIFS(Errors!$D:$D,Analysis!BT$1,Errors!$F:$F,Analysis!$BS9,Errors!$O:$O,"YES") -> 0 | BU9: =COUNTIFS(Errors!$D:$D,Analysis!BU$1,Errors!$F:$F,Analysis!$BS9,Errors!$O:$O,"YES") -> 0 | BV9: =COUNTIFS(Errors!$D:$D,Analysis!BV$1,Errors!$F:$F,Analysis!$BS9,Errors!$O:$O,"YES") -> 0 | BW9: =COUNTIFS(Errors!$D:$D,Analysis!BW$1,Errors!$F:$F,Analysis!$BS9,Errors!$O:$O,"YES") -> 0 | BX9: =COUNTIFS(Errors!$D:$D,Analysis!BX$1,Errors!$F:$F,Analysis!$BS9,Errors!$O:$O,"YES") -> 0 | BY9: =COUNTIFS(Errors!$D:$D,Analysis!BY$1,Errors!$F:$F,Analysis!$BS9,Errors!$O:$O,"YES") -> 0 | BZ9: =COUNTIFS(Errors!$D:$D,Analysis!BZ$1,Errors!$F:$F,Analysis!$BS9,Errors!$O:$O,"YES") -> 0 | CA9: =COUNTIFS(Errors!$D:$D,Analysis!CA$1,Errors!$F:$F,Analysis!$BS9,Errors!$O:$O,"YES") -> 0 | ... CX9: =COUNTIFS(Errors!$D:$D,Analysis!CX$1,Errors!$F:$F,Analysis!$BS9,Errors!$O:$O,"YES") -> 0 | CZ9: =SUM(BT9:CX9) -> 0 | DB9: =AVERAGE(BT9:CX9) -> 0 | DC9: Baccarat_E7
H10: =COUNTIF(Errors!$F$3:$F$3008,$G10) -> 0 | I10: =COUNTIFS(Errors!$F$3:$F$3008,$G10,Errors!$I$3:$I$3008,"TV*") -> 0 | J10: =COUNTIFS(Errors!$F$3:$F$3008,$G10,Errors!$I$3:$I$3008,"<>TV*") -> 0 | K10: =COUNTIFS(Errors!$F$3:$F$3008,$G10,Errors!$Q$3:$Q$3008,"yes") -> 0 | N10: =COUNTIFS(Errors!$O$3:$O$3008,"Yes",Errors!$F$3:$F$3008,$M10)+COUNTIFS(Errors!$P$3:$P$3008,"Yes",Errors!$F$3:$F$3008,$M10) -> 0 | O10: =COUNTIFS(Errors!$O$3:$O$3008,"Yes",Errors!$F$3:$F$3008,$M10,Errors!$I$3:$I$3008,"TV*")+COUNTIFS(Errors!$P$3:$P$3008,"Yes",Errors!$F$3:$F$3008,$M10,Errors!$I$3:$I$3008,"TV*") -> 0 | P10: =COUNTIFS(Errors!$O$3:$O$3008,"Yes",Errors!$F$3:$F$3008,$M10,Errors!$I$3:$I$3008,"<>TV*")+COUNTIFS(Errors!$P$3:$P$3008,"Yes",Errors!$F$3:$F$3008,$M10,Errors!$I$3:$I$3008,"<>TV*") -> 0 | Q10: =COUNTIFS(Errors!$F$3:$F$3008,$M10,Errors!$O$3:$O$3008,"yes") -> 0 | R10: =COUNTIFS(Errors!$F$3:$F$3008,$M10,Errors!$P$3:$P$3008,"yes") -> 0 | AF10: =COUNTIFS(Errors!$F:$F,Analysis!$AE39,Errors!$D:$D,Analysis!$AF$2) -> 0 | AG10: =COUNTIFS(Errors!$F:$F,Analysis!$AE39,Errors!$D:$D,Analysis!$AG$2) -> 0 | AH10: =COUNTIFS(Errors!$F:$F,Analysis!$AE39,Errors!$D:$D,Analysis!$AH$2) -> 0 | AI10: =COUNTIFS(Errors!$F:$F,Analysis!$AE39,Errors!$D:$D,Analysis!$AI$2) -> 0 | AJ10: =COUNTIFS(Errors!$F:$F,Analysis!$AE39,Errors!$D:$D,Analysis!$AJ$2) -> 0 | AK10: =COUNTIFS(Errors!$F:$F,Analysis!$AE39,Errors!$D:$D,Analysis!$AK$2) -> 0 | AL10: =COUNTIFS(Errors!$F:$F,Analysis!$AE39,Errors!$D:$D,Analysis!$AL$2) -> 0 | AM10: =COUNTIFS(Errors!$F:$F,Analysis!$AE39,Errors!$D:$D,Analysis!$AM$2) -> 0 | AN10: =COUNTIFS(Errors!$F:$F,Analysis!$AE39,Errors!$D:$D,Analysis!$AN$2) -> 0 | AO10: =COUNTIFS(Errors!$F:$F,Analysis!$AE39,Errors!$D:$D,Analysis!$AO$2) -> 0 | AP10: =COUNTIFS(Errors!$F:$F,Analysis!$AE39,Errors!$D:$D,Analysis!$AP$2) -> 0 | AQ10: =COUNTIFS(Errors!$F:$F,Analysis!$AE39,Errors!$D:$D,Analysis!$AQ$2) -> 0 | AR10: =COUNTIFS(Errors!$F:$F,Analysis!$AE39,Errors!$D:$D,Analysis!$AR$2) -> 0 | AS10: =COUNTIFS(Errors!$F:$F,Analysis!$AE39,Errors!$D:$D,Analysis!$AS$2) -> 0 | AT10: =COUNTIFS(Errors!$F:$F,Analysis!$AE39,Errors!$D:$D,Analysis!$AT$2) -> 0 | AU10: =COUNTIFS(Errors!$F:$F,Analysis!$AE39,Errors!$D:$D,Analysis!$AU$2) -> 0 | AV10: =COUNTIFS(Errors!$F:$F,Analysis!$AE39,Errors!$D:$D,Analysis!$AV$2) -> 0 | AW10: =COUNTIFS(Errors!$F:$F,Analysis!$AE39,Errors!$D:$D,Analysis!$AW$2) -> 0 | AX10: =COUNTIFS(Errors!$F:$F,Analysis!$AE39,Errors!$D:$D,Analysis!$AX$2) -> 0 | AY10: =COUNTIFS(Errors!$F:$F,Analysis!$AE39,Errors!$D:$D,Analysis!$AY$2) -> 0 | AZ10: =COUNTIFS(Errors!$F:$F,Analysis!$AE39,Errors!$D:$D,Analysis!$AZ$2) -> 0 | BA10: =COUNTIFS(Errors!$F:$F,Analysis!$AE39,Errors!$D:$D,Analysis!$BA$2) -> 0 | BB10: =COUNTIFS(Errors!$F:$F,Analysis!$AE39,Errors!$D:$D,Analysis!$BB$2) -> 0 | BC10: =COUNTIFS(Errors!$F:$F,Analysis!$AE39,Errors!$D:$D,Analysis!$BC$2) -> 0 | BD10: =COUNTIFS(Errors!$F:$F,Analysis!$AE39,Errors!$D:$D,Analysis!$BD$2) -> 0 | BE10: =COUNTIFS(Errors!$F:$F,Analysis!$AE39,Errors!$D:$D,Analysis!$BE$2) -> 0 | BF10: =COUNTIFS(Errors!$F:$F,Analysis!$AE39,Errors!$D:$D,Analysis!$BF$2) -> 0 | BG10: =COUNTIFS(Errors!$F:$F,Analysis!$AE39,Errors!$D:$D,Analysis!$BG$2) -> 0 | BH10: =COUNTIFS(Errors!$F:$F,Analysis!$AE39,Errors!$D:$D,Analysis!$BH$2) -> 0 | BI10: =COUNTIFS(Errors!$F:$F,Analysis!$AE39,Errors!$D:$D,Analysis!$BI$2) -> 0 | BJ10: =COUNTIFS(Errors!$F:$F,Analysis!$AE39,Errors!$D:$D,Analysis!$BJ$2) -> 0 | BL10: =SUM(AF10:BJ10) -> 0 | BN10: =AVERAGE(AF10:BJ10) -> 0 | BO10: Baccarat_E8 | BS10: Baccarat_E8 | BT10: =COUNTIFS(Errors!$D:$D,Analysis!BT$1,Errors!$F:$F,Analysis!$BS10,Errors!$O:$O,"YES") -> 0 | BU10: =COUNTIFS(Errors!$D:$D,Analysis!BU$1,Errors!$F:$F,Analysis!$BS10,Errors!$O:$O,"YES") -> 0 | BV10: =COUNTIFS(Errors!$D:$D,Analysis!BV$1,Errors!$F:$F,Analysis!$BS10,Errors!$O:$O,"YES") -> 0 | BW10: =COUNTIFS(Errors!$D:$D,Analysis!BW$1,Errors!$F:$F,Analysis!$BS10,Errors!$O:$O,"YES") -> 0 | BX10: =COUNTIFS(Errors!$D:$D,Analysis!BX$1,Errors!$F:$F,Analysis!$BS10,Errors!$O:$O,"YES") -> 0 | BY10: =COUNTIFS(Errors!$D:$D,Analysis!BY$1,Errors!$F:$F,Analysis!$BS10,Errors!$O:$O,"YES") -> 0 | BZ10: =COUNTIFS(Errors!$D:$D,Analysis!BZ$1,Errors!$F:$F,Analysis!$BS10,Errors!$O:$O,"YES") -> 0 | CA10: =COUNTIFS(Errors!$D:$D,Analysis!CA$1,Errors!$F:$F,Analysis!$BS10,Errors!$O:$O,"YES") -> 0 | ... CX10: =COUNTIFS(Errors!$D:$D,Analysis!CX$1,Errors!$F:$F,Analysis!$BS10,Errors!$O:$O,"YES") -> 0 | CZ10: =SUM(BT10:CX10) -> 0 | DB10: =AVERAGE(BT10:CX10) -> 0 | DC10: Baccarat_E8
H11: =COUNTIF(Errors!$F$3:$F$3008,$G11) -> 0 | I11: =COUNTIFS(Errors!$F$3:$F$3008,$G11,Errors!$I$3:$I$3008,"TV*") -> 0 | J11: =COUNTIFS(Errors!$F$3:$F$3008,$G11,Errors!$I$3:$I$3008,"<>TV*") -> 0 | K11: =COUNTIFS(Errors!$F$3:$F$3008,$G11,Errors!$Q$3:$Q$3008,"yes") -> 0 | N11: =COUNTIFS(Errors!$O$3:$O$3008,"Yes",Errors!$F$3:$F$3008,$M11)+COUNTIFS(Errors!$P$3:$P$3008,"Yes",Errors!$F$3:$F$3008,$M11) -> 0 | O11: =COUNTIFS(Errors!$O$3:$O$3008,"Yes",Errors!$F$3:$F$3008,$M11,Errors!$I$3:$I$3008,"TV*")+COUNTIFS(Errors!$P$3:$P$3008,"Yes",Errors!$F$3:$F$3008,$M11,Errors!$I$3:$I$3008,"TV*") -> 0 | P11: =COUNTIFS(Errors!$O$3:$O$3008,"Yes",Errors!$F$3:$F$3008,$M11,Errors!$I$3:$I$3008,"<>TV*")+COUNTIFS(Errors!$P$3:$P$3008,"Yes",Errors!$F$3:$F$3008,$M11,Errors!$I$3:$I$3008,"<>TV*") -> 0 | Q11: =COUNTIFS(Errors!$F$3:$F$3008,$M11,Errors!$O$3:$O$3008,"yes") -> 0 | R11: =COUNTIFS(Errors!$F$3:$F$3008,$M11,Errors!$P$3:$P$3008,"yes") -> 0 | AF11: =COUNTIFS(Errors!$F:$F,Analysis!$AE40,Errors!$D:$D,Analysis!$AF$2) -> 0 | AG11: =COUNTIFS(Errors!$F:$F,Analysis!$AE40,Errors!$D:$D,Analysis!$AG$2) -> 0 | AH11: =COUNTIFS(Errors!$F:$F,Analysis!$AE40,Errors!$D:$D,Analysis!$AH$2) -> 0 | AI11: =COUNTIFS(Errors!$F:$F,Analysis!$AE40,Errors!$D:$D,Analysis!$AI$2) -> 0 | AJ11: =COUNTIFS(Errors!$F:$F,Analysis!$AE40,Errors!$D:$D,Analysis!$AJ$2) -> 0 | AK11: =COUNTIFS(Errors!$F:$F,Analysis!$AE40,Errors!$D:$D,Analysis!$AK$2) -> 0 | AL11: =COUNTIFS(Errors!$F:$F,Analysis!$AE40,Errors!$D:$D,Analysis!$AL$2) -> 0 | AM11: =COUNTIFS(Errors!$F:$F,Analysis!$AE40,Errors!$D:$D,Analysis!$AM$2) -> 0 | AN11: =COUNTIFS(Errors!$F:$F,Analysis!$AE40,Errors!$D:$D,Analysis!$AN$2) -> 0 | AO11: =COUNTIFS(Errors!$F:$F,Analysis!$AE40,Errors!$D:$D,Analysis!$AO$2) -> 0 | AP11: =COUNTIFS(Errors!$F:$F,Analysis!$AE40,Errors!$D:$D,Analysis!$AP$2) -> 0 | AQ11: =COUNTIFS(Errors!$F:$F,Analysis!$AE40,Errors!$D:$D,Analysis!$AQ$2) -> 0 | AR11: =COUNTIFS(Errors!$F:$F,Analysis!$AE40,Errors!$D:$D,Analysis!$AR$2) -> 0 | AS11: =COUNTIFS(Errors!$F:$F,Analysis!$AE40,Errors!$D:$D,Analysis!$AS$2) -> 0 | AT11: =COUNTIFS(Errors!$F:$F,Analysis!$AE40,Errors!$D:$D,Analysis!$AT$2) -> 0 | AU11: =COUNTIFS(Errors!$F:$F,Analysis!$AE40,Errors!$D:$D,Analysis!$AU$2) -> 0 | AV11: =COUNTIFS(Errors!$F:$F,Analysis!$AE40,Errors!$D:$D,Analysis!$AV$2) -> 0 | AW11: =COUNTIFS(Errors!$F:$F,Analysis!$AE40,Errors!$D:$D,Analysis!$AW$2) -> 0 | AX11: =COUNTIFS(Errors!$F:$F,Analysis!$AE40,Errors!$D:$D,Analysis!$AX$2) -> 0 | AY11: =COUNTIFS(Errors!$F:$F,Analysis!$AE40,Errors!$D:$D,Analysis!$AY$2) -> 0 | AZ11: =COUNTIFS(Errors!$F:$F,Analysis!$AE40,Errors!$D:$D,Analysis!$AZ$2) -> 0 | BA11: =COUNTIFS(Errors!$F:$F,Analysis!$AE40,Errors!$D:$D,Analysis!$BA$2) -> 0 | BB11: =COUNTIFS(Errors!$F:$F,Analysis!$AE40,Errors!$D:$D,Analysis!$BB$2) -> 0 | BC11: =COUNTIFS(Errors!$F:$F,Analysis!$AE40,Errors!$D:$D,Analysis!$BC$2) -> 0 | BD11: =COUNTIFS(Errors!$F:$F,Analysis!$AE40,Errors!$D:$D,Analysis!$BD$2) -> 0 | BE11: =COUNTIFS(Errors!$F:$F,Analysis!$AE40,Errors!$D:$D,Analysis!$BE$2) -> 0 | BF11: =COUNTIFS(Errors!$F:$F,Analysis!$AE40,Errors!$D:$D,Analysis!$BF$2) -> 0 | BG11: =COUNTIFS(Errors!$F:$F,Analysis!$AE40,Errors!$D:$D,Analysis!$BG$2) -> 0 | BH11: =COUNTIFS(Errors!$F:$F,Analysis!$AE40,Errors!$D:$D,Analysis!$BH$2) -> 0 | BI11: =COUNTIFS(Errors!$F:$F,Analysis!$AE40,Errors!$D:$D,Analysis!$BI$2) -> 0 | BJ11: =COUNTIFS(Errors!$F:$F,Analysis!$AE40,Errors!$D:$D,Analysis!$BJ$2) -> 0 | BL11: =SUM(AF11:BJ11) -> 0 | BN11: =AVERAGE(AF11:BJ11) -> 0 | BO11: Baccarat_E9 | BS11: Baccarat_E9 | BT11: =COUNTIFS(Errors!$D:$D,Analysis!BT$1,Errors!$F:$F,Analysis!$BS11,Errors!$O:$O,"YES") -> 0 | BU11: =COUNTIFS(Errors!$D:$D,Analysis!BU$1,Errors!$F:$F,Analysis!$BS11,Errors!$O:$O,"YES") -> 0 | BV11: =COUNTIFS(Errors!$D:$D,Analysis!BV$1,Errors!$F:$F,Analysis!$BS11,Errors!$O:$O,"YES") -> 0 | BW11: =COUNTIFS(Errors!$D:$D,Analysis!BW$1,Errors!$F:$F,Analysis!$BS11,Errors!$O:$O,"YES") -> 0 | BX11: =COUNTIFS(Errors!$D:$D,Analysis!BX$1,Errors!$F:$F,Analysis!$BS11,Errors!$O:$O,"YES") -> 0 | BY11: =COUNTIFS(Errors!$D:$D,Analysis!BY$1,Errors!$F:$F,Analysis!$BS11,Errors!$O:$O,"YES") -> 0 | BZ11: =COUNTIFS(Errors!$D:$D,Analysis!BZ$1,Errors!$F:$F,Analysis!$BS11,Errors!$O:$O,"YES") -> 0 | CA11: =COUNTIFS(Errors!$D:$D,Analysis!CA$1,Errors!$F:$F,Analysis!$BS11,Errors!$O:$O,"YES") -> 0 | ... CX11: =COUNTIFS(Errors!$D:$D,Analysis!CX$1,Errors!$F:$F,Analysis!$BS11,Errors!$O:$O,"YES") -> 0 | CZ11: =SUM(BT11:CX11) -> 0 | DB11: =AVERAGE(BT11:CX11) -> 0 | DC11: Baccarat_E9
A12: Total Technical Errors By Game Type | B12: =SUM($B$3:$B$9) -> 58 | C12: =SUM($C$3:$C$9) -> 44 | D12: =SUM($D$3:$D$9) -> 14 | E12: =SUM($E$3:$E$9) -> 0 | H12: =COUNTIF(Errors!$F$3:$F$3008,$G12) -> 0 | I12: =COUNTIFS(Errors!$F$3:$F$3008,$G12,Errors!$I$3:$I$3008,"TV*") -> 0 | J12: =COUNTIFS(Errors!$F$3:$F$3008,$G12,Errors!$I$3:$I$3008,"<>TV*") -> 0 | K12: =COUNTIFS(Errors!$F$3:$F$3008,$G12,Errors!$Q$3:$Q$3008,"yes") -> 0 | N12: =COUNTIFS(Errors!$O$3:$O$3008,"Yes",Errors!$F$3:$F$3008,$M12)+COUNTIFS(Errors!$P$3:$P$3008,"Yes",Errors!$F$3:$F$3008,$M12) -> 0 | O12: =COUNTIFS(Errors!$O$3:$O$3008,"Yes",Errors!$F$3:$F$3008,$M12,Errors!$I$3:$I$3008,"TV*")+COUNTIFS(Errors!$P$3:$P$3008,"Yes",Errors!$F$3:$F$3008,$M12,Errors!$I$3:$I$3008,"TV*") -> 0 | P12: =COUNTIFS(Errors!$O$3:$O$3008,"Yes",Errors!$F$3:$F$3008,$M12,Errors!$I$3:$I$3008,"<>TV*")+COUNTIFS(Errors!$P$3:$P$3008,"Yes",Errors!$F$3:$F$3008,$M12,Errors!$I$3:$I$3008,"<>TV*") -> 0 | Q12: =COUNTIFS(Errors!$F$3:$F$3008,$M12,Errors!$O$3:$O$3008,"yes") -> 0 | R12: =COUNTIFS(Errors!$F$3:$F$3008,$M12,Errors!$P$3:$P$3008,"yes") -> 0 | AF12: =COUNTIFS(Errors!$F:$F,Analysis!$AE41,Errors!$D:$D,Analysis!$AF$2) -> 0 | AG12: =COUNTIFS(Errors!$F:$F,Analysis!$AE41,Errors!$D:$D,Analysis!$AG$2) -> 0 | AH12: =COUNTIFS(Errors!$F:$F,Analysis!$AE41,Errors!$D:$D,Analysis!$AH$2) -> 0 | AI12: =COUNTIFS(Errors!$F:$F,Analysis!$AE41,Errors!$D:$D,Analysis!$AI$2) -> 0 | AJ12: =COUNTIFS(Errors!$F:$F,Analysis!$AE41,Errors!$D:$D,Analysis!$AJ$2) -> 0 | AK12: =COUNTIFS(Errors!$F:$F,Analysis!$AE41,Errors!$D:$D,Analysis!$AK$2) -> 0 | AL12: =COUNTIFS(Errors!$F:$F,Analysis!$AE41,Errors!$D:$D,Analysis!$AL$2) -> 0 | AM12: =COUNTIFS(Errors!$F:$F,Analysis!$AE41,Errors!$D:$D,Analysis!$AM$2) -> 0 | AN12: =COUNTIFS(Errors!$F:$F,Analysis!$AE41,Errors!$D:$D,Analysis!$AN$2) -> 0 | AO12: =COUNTIFS(Errors!$F:$F,Analysis!$AE41,Errors!$D:$D,Analysis!$AO$2) -> 0 | AP12: =COUNTIFS(Errors!$F:$F,Analysis!$AE41,Errors!$D:$D,Analysis!$AP$2) -> 0 | AQ12: =COUNTIFS(Errors!$F:$F,Analysis!$AE41,Errors!$D:$D,Analysis!$AQ$2) -> 0 | AR12: =COUNTIFS(Errors!$F:$F,Analysis!$AE41,Errors!$D:$D,Analysis!$AR$2) -> 0 | AS12: =COUNTIFS(Errors!$F:$F,Analysis!$AE41,Errors!$D:$D,Analysis!$AS$2) -> 0 | AT12: =COUNTIFS(Errors!$F:$F,Analysis!$AE41,Errors!$D:$D,Analysis!$AT$2) -> 0 | AU12: =COUNTIFS(Errors!$F:$F,Analysis!$AE41,Errors!$D:$D,Analysis!$AU$2) -> 0 | AV12: =COUNTIFS(Errors!$F:$F,Analysis!$AE41,Errors!$D:$D,Analysis!$AV$2) -> 0 | AW12: =COUNTIFS(Errors!$F:$F,Analysis!$AE41,Errors!$D:$D,Analysis!$AW$2) -> 0 | AX12: =COUNTIFS(Errors!$F:$F,Analysis!$AE41,Errors!$D:$D,Analysis!$AX$2) -> 0 | AY12: =COUNTIFS(Errors!$F:$F,Analysis!$AE41,Errors!$D:$D,Analysis!$AY$2) -> 0 | AZ12: =COUNTIFS(Errors!$F:$F,Analysis!$AE41,Errors!$D:$D,Analysis!$AZ$2) -> 0 | BA12: =COUNTIFS(Errors!$F:$F,Analysis!$AE41,Errors!$D:$D,Analysis!$BA$2) -> 0 | BB12: =COUNTIFS(Errors!$F:$F,Analysis!$AE41,Errors!$D:$D,Analysis!$BB$2) -> 0 | BC12: =COUNTIFS(Errors!$F:$F,Analysis!$AE41,Errors!$D:$D,Analysis!$BC$2) -> 0 | BD12: =COUNTIFS(Errors!$F:$F,Analysis!$AE41,Errors!$D:$D,Analysis!$BD$2) -> 0 | BE12: =COUNTIFS(Errors!$F:$F,Analysis!$AE41,Errors!$D:$D,Analysis!$BE$2) -> 0 | BF12: =COUNTIFS(Errors!$F:$F,Analysis!$AE41,Errors!$D:$D,Analysis!$BF$2) -> 0 | BG12: =COUNTIFS(Errors!$F:$F,Analysis!$AE41,Errors!$D:$D,Analysis!$BG$2) -> 0 | BH12: =COUNTIFS(Errors!$F:$F,Analysis!$AE41,Errors!$D:$D,Analysis!$BH$2) -> 0 | BI12: =COUNTIFS(Errors!$F:$F,Analysis!$AE41,Errors!$D:$D,Analysis!$BI$2) -> 0 | BJ12: =COUNTIFS(Errors!$F:$F,Analysis!$AE41,Errors!$D:$D,Analysis!$BJ$2) -> 0 | BL12: =SUM(AF12:BJ12) -> 0 | BN12: =AVERAGE(AF12:BJ12) -> 0 | BO12: Baccarat_E10 | BS12: Baccarat_E10 | BT12: =COUNTIFS(Errors!$D:$D,Analysis!BT$1,Errors!$F:$F,Analysis!$BS12,Errors!$O:$O,"YES") -> 0 | BU12: =COUNTIFS(Errors!$D:$D,Analysis!BU$1,Errors!$F:$F,Analysis!$BS12,Errors!$O:$O,"YES") -> 0 | BV12: =COUNTIFS(Errors!$D:$D,Analysis!BV$1,Errors!$F:$F,Analysis!$BS12,Errors!$O:$O,"YES") -> 0 | BW12: =COUNTIFS(Errors!$D:$D,Analysis!BW$1,Errors!$F:$F,Analysis!$BS12,Errors!$O:$O,"YES") -> 0 | BX12: =COUNTIFS(Errors!$D:$D,Analysis!BX$1,Errors!$F:$F,Analysis!$BS12,Errors!$O:$O,"YES") -> 0 | BY12: =COUNTIFS(Errors!$D:$D,Analysis!BY$1,Errors!$F:$F,Analysis!$BS12,Errors!$O:$O,"YES") -> 0 | BZ12: =COUNTIFS(Errors!$D:$D,Analysis!BZ$1,Errors!$F:$F,Analysis!$BS12,Errors!$O:$O,"YES") -> 0 | CA12: =COUNTIFS(Errors!$D:$D,Analysis!CA$1,Errors!$F:$F,Analysis!$BS12,Errors!$O:$O,"YES") -> 0 | ... CX12: =COUNTIFS(Errors!$D:$D,Analysis!CX$1,Errors!$F:$F,Analysis!$BS12,Errors!$O:$O,"YES") -> 0 | CZ12: =SUM(BT12:CX12) -> 0 | DB12: =AVERAGE(BT12:CX12) -> 0 | DC12: Baccarat_E10
H13: =COUNTIF(Errors!$F$3:$F$3008,$G13) -> 0 | I13: =COUNTIFS(Errors!$F$3:$F$3008,$G13,Errors!$I$3:$I$3008,"TV*") -> 0 | J13: =COUNTIFS(Errors!$F$3:$F$3008,$G13,Errors!$I$3:$I$3008,"<>TV*") -> 0 | K13: =COUNTIFS(Errors!$F$3:$F$3008,$G13,Errors!$Q$3:$Q$3008,"yes") -> 0 | N13: =COUNTIFS(Errors!$O$3:$O$3008,"Yes",Errors!$F$3:$F$3008,$M13)+COUNTIFS(Errors!$P$3:$P$3008,"Yes",Errors!$F$3:$F$3008,$M13) -> 0 | O13: =COUNTIFS(Errors!$O$3:$O$3008,"Yes",Errors!$F$3:$F$3008,$M13,Errors!$I$3:$I$3008,"TV*")+COUNTIFS(Errors!$P$3:$P$3008,"Yes",Errors!$F$3:$F$3008,$M13,Errors!$I$3:$I$3008,"TV*") -> 0 | P13: =COUNTIFS(Errors!$O$3:$O$3008,"Yes",Errors!$F$3:$F$3008,$M13,Errors!$I$3:$I$3008,"<>TV*")+COUNTIFS(Errors!$P$3:$P$3008,"Yes",Errors!$F$3:$F$3008,$M13,Errors!$I$3:$I$3008,"<>TV*") -> 0 | Q13: =COUNTIFS(Errors!$F$3:$F$3008,$M13,Errors!$O$3:$O$3008,"yes") -> 0 | R13: =COUNTIFS(Errors!$F$3:$F$3008,$M13,Errors!$P$3:$P$3008,"yes") -> 0 | AF13: =COUNTIFS(Errors!$F:$F,Analysis!$AE42,Errors!$D:$D,Analysis!$AF$2) -> 0 | AG13: =COUNTIFS(Errors!$F:$F,Analysis!$AE42,Errors!$D:$D,Analysis!$AG$2) -> 0 | AH13: =COUNTIFS(Errors!$F:$F,Analysis!$AE42,Errors!$D:$D,Analysis!$AH$2) -> 0 | AI13: =COUNTIFS(Errors!$F:$F,Analysis!$AE42,Errors!$D:$D,Analysis!$AI$2) -> 0 | AJ13: =COUNTIFS(Errors!$F:$F,Analysis!$AE42,Errors!$D:$D,Analysis!$AJ$2) -> 0 | AK13: =COUNTIFS(Errors!$F:$F,Analysis!$AE42,Errors!$D:$D,Analysis!$AK$2) -> 0 | AL13: =COUNTIFS(Errors!$F:$F,Analysis!$AE42,Errors!$D:$D,Analysis!$AL$2) -> 0 | AM13: =COUNTIFS(Errors!$F:$F,Analysis!$AE42,Errors!$D:$D,Analysis!$AM$2) -> 0 | AN13: =COUNTIFS(Errors!$F:$F,Analysis!$AE42,Errors!$D:$D,Analysis!$AN$2) -> 0 | AO13: =COUNTIFS(Errors!$F:$F,Analysis!$AE42,Errors!$D:$D,Analysis!$AO$2) -> 0 | AP13: =COUNTIFS(Errors!$F:$F,Analysis!$AE42,Errors!$D:$D,Analysis!$AP$2) -> 0 | AQ13: =COUNTIFS(Errors!$F:$F,Analysis!$AE42,Errors!$D:$D,Analysis!$AQ$2) -> 0 | AR13: =COUNTIFS(Errors!$F:$F,Analysis!$AE42,Errors!$D:$D,Analysis!$AR$2) -> 0 | AS13: =COUNTIFS(Errors!$F:$F,Analysis!$AE42,Errors!$D:$D,Analysis!$AS$2) -> 0 | AT13: =COUNTIFS(Errors!$F:$F,Analysis!$AE42,Errors!$D:$D,Analysis!$AT$2) -> 0 | AU13: =COUNTIFS(Errors!$F:$F,Analysis!$AE42,Errors!$D:$D,Analysis!$AU$2) -> 0 | AV13: =COUNTIFS(Errors!$F:$F,Analysis!$AE42,Errors!$D:$D,Analysis!$AV$2) -> 0 | AW13: =COUNTIFS(Errors!$F:$F,Analysis!$AE42,Errors!$D:$D,Analysis!$AW$2) -> 0 | AX13: =COUNTIFS(Errors!$F:$F,Analysis!$AE42,Errors!$D:$D,Analysis!$AX$2) -> 0 | AY13: =COUNTIFS(Errors!$F:$F,Analysis!$AE42,Errors!$D:$D,Analysis!$AY$2) -> 0 | AZ13: =COUNTIFS(Errors!$F:$F,Analysis!$AE42,Errors!$D:$D,Analysis!$AZ$2) -> 0 | BA13: =COUNTIFS(Errors!$F:$F,Analysis!$AE42,Errors!$D:$D,Analysis!$BA$2) -> 0 | BB13: =COUNTIFS(Errors!$F:$F,Analysis!$AE42,Errors!$D:$D,Analysis!$BB$2) -> 0 | BC13: =COUNTIFS(Errors!$F:$F,Analysis!$AE42,Errors!$D:$D,Analysis!$BC$2) -> 0 | BD13: =COUNTIFS(Errors!$F:$F,Analysis!$AE42,Errors!$D:$D,Analysis!$BD$2) -> 0 | BE13: =COUNTIFS(Errors!$F:$F,Analysis!$AE42,Errors!$D:$D,Analysis!$BE$2) -> 0 | BF13: =COUNTIFS(Errors!$F:$F,Analysis!$AE42,Errors!$D:$D,Analysis!$BF$2) -> 0 | BG13: =COUNTIFS(Errors!$F:$F,Analysis!$AE42,Errors!$D:$D,Analysis!$BG$2) -> 0 | BH13: =COUNTIFS(Errors!$F:$F,Analysis!$AE42,Errors!$D:$D,Analysis!$BH$2) -> 0 | BI13: =COUNTIFS(Errors!$F:$F,Analysis!$AE42,Errors!$D:$D,Analysis!$BI$2) -> 0 | BJ13: =COUNTIFS(Errors!$F:$F,Analysis!$AE42,Errors!$D:$D,Analysis!$BJ$2) -> 0 | BL13: =SUM(AF13:BJ13) -> 0 | BN13: =AVERAGE(AF13:BJ13) -> 0 | BO13: Baccarat_E11 | BS13: Baccarat_E11 | BT13: =COUNTIFS(Errors!$D:$D,Analysis!BT$1,Errors!$F:$F,Analysis!$BS13,Errors!$O:$O,"YES") -> 0 | BU13: =COUNTIFS(Errors!$D:$D,Analysis!BU$1,Errors!$F:$F,Analysis!$BS13,Errors!$O:$O,"YES") -> 0 | BV13: =COUNTIFS(Errors!$D:$D,Analysis!BV$1,Errors!$F:$F,Analysis!$BS13,Errors!$O:$O,"YES") -> 0 | BW13: =COUNTIFS(Errors!$D:$D,Analysis!BW$1,Errors!$F:$F,Analysis!$BS13,Errors!$O:$O,"YES") -> 0 | BX13: =COUNTIFS(Errors!$D:$D,Analysis!BX$1,Errors!$F:$F,Analysis!$BS13,Errors!$O:$O,"YES") -> 0 | BY13: =COUNTIFS(Errors!$D:$D,Analysis!BY$1,Errors!$F:$F,Analysis!$BS13,Errors!$O:$O,"YES") -> 0 | BZ13: =COUNTIFS(Errors!$D:$D,Analysis!BZ$1,Errors!$F:$F,Analysis!$BS13,Errors!$O:$O,"YES") -> 0 | CA13: =COUNTIFS(Errors!$D:$D,Analysis!CA$1,Errors!$F:$F,Analysis!$BS13,Errors!$O:$O,"YES") -> 0 | ... CX13: =COUNTIFS(Errors!$D:$D,Analysis!CX$1,Errors!$F:$F,Analysis!$BS13,Errors!$O:$O,"YES") -> 0 | CZ13: =SUM(BT13:CX13) -> 0 | DB13: =AVERAGE(BT13:CX13) -> 0 | DC13: Baccarat_E11
H14: =COUNTIF(Errors!$F$3:$F$3008,$G14) -> 0 | I14: =COUNTIFS(Errors!$F$3:$F$3008,$G14,Errors!$I$3:$I$3008,"TV*") -> 0 | J14: =COUNTIFS(Errors!$F$3:$F$3008,$G14,Errors!$I$3:$I$3008,"<>TV*") -> 0 | K14: =COUNTIFS(Errors!$F$3:$F$3008,$G14,Errors!$Q$3:$Q$3008,"yes") -> 0 | N14: =COUNTIFS(Errors!$O$3:$O$3008,"Yes",Errors!$F$3:$F$3008,$M14)+COUNTIFS(Errors!$P$3:$P$3008,"Yes",Errors!$F$3:$F$3008,$M14) -> 0 | O14: =COUNTIFS(Errors!$O$3:$O$3008,"Yes",Errors!$F$3:$F$3008,$M14,Errors!$I$3:$I$3008,"TV*")+COUNTIFS(Errors!$P$3:$P$3008,"Yes",Errors!$F$3:$F$3008,$M14,Errors!$I$3:$I$3008,"TV*") -> 0 | P14: =COUNTIFS(Errors!$O$3:$O$3008,"Yes",Errors!$F$3:$F$3008,$M14,Errors!$I$3:$I$3008,"<>TV*")+COUNTIFS(Errors!$P$3:$P$3008,"Yes",Errors!$F$3:$F$3008,$M14,Errors!$I$3:$I$3008,"<>TV*") -> 0 | Q14: =COUNTIFS(Errors!$F$3:$F$3008,$M14,Errors!$O$3:$O$3008,"yes") -> 0 | R14: =COUNTIFS(Errors!$F$3:$F$3008,$M14,Errors!$P$3:$P$3008,"yes") -> 0 | AF14: =COUNTIFS(Errors!$F:$F,Analysis!$AE43,Errors!$D:$D,Analysis!$AF$2) -> 0 | AG14: =COUNTIFS(Errors!$F:$F,Analysis!$AE43,Errors!$D:$D,Analysis!$AG$2) -> 0 | AH14: =COUNTIFS(Errors!$F:$F,Analysis!$AE43,Errors!$D:$D,Analysis!$AH$2) -> 0 | AI14: =COUNTIFS(Errors!$F:$F,Analysis!$AE43,Errors!$D:$D,Analysis!$AI$2) -> 0 | AJ14: =COUNTIFS(Errors!$F:$F,Analysis!$AE43,Errors!$D:$D,Analysis!$AJ$2) -> 0 | AK14: =COUNTIFS(Errors!$F:$F,Analysis!$AE43,Errors!$D:$D,Analysis!$AK$2) -> 0 | AL14: =COUNTIFS(Errors!$F:$F,Analysis!$AE43,Errors!$D:$D,Analysis!$AL$2) -> 0 | AM14: =COUNTIFS(Errors!$F:$F,Analysis!$AE43,Errors!$D:$D,Analysis!$AM$2) -> 0 | AN14: =COUNTIFS(Errors!$F:$F,Analysis!$AE43,Errors!$D:$D,Analysis!$AN$2) -> 0 | AO14: =COUNTIFS(Errors!$F:$F,Analysis!$AE43,Errors!$D:$D,Analysis!$AO$2) -> 0 | AP14: =COUNTIFS(Errors!$F:$F,Analysis!$AE43,Errors!$D:$D,Analysis!$AP$2) -> 0 | AQ14: =COUNTIFS(Errors!$F:$F,Analysis!$AE43,Errors!$D:$D,Analysis!$AQ$2) -> 0 | AR14: =COUNTIFS(Errors!$F:$F,Analysis!$AE43,Errors!$D:$D,Analysis!$AR$2) -> 0 | AS14: =COUNTIFS(Errors!$F:$F,Analysis!$AE43,Errors!$D:$D,Analysis!$AS$2) -> 0 | AT14: =COUNTIFS(Errors!$F:$F,Analysis!$AE43,Errors!$D:$D,Analysis!$AT$2) -> 0 | AU14: =COUNTIFS(Errors!$F:$F,Analysis!$AE43,Errors!$D:$D,Analysis!$AU$2) -> 0 | AV14: =COUNTIFS(Errors!$F:$F,Analysis!$AE43,Errors!$D:$D,Analysis!$AV$2) -> 0 | AW14: =COUNTIFS(Errors!$F:$F,Analysis!$AE43,Errors!$D:$D,Analysis!$AW$2) -> 0 | AX14: =COUNTIFS(Errors!$F:$F,Analysis!$AE43,Errors!$D:$D,Analysis!$AX$2) -> 0 | AY14: =COUNTIFS(Errors!$F:$F,Analysis!$AE43,Errors!$D:$D,Analysis!$AY$2) -> 0 | AZ14: =COUNTIFS(Errors!$F:$F,Analysis!$AE43,Errors!$D:$D,Analysis!$AZ$2) -> 0 | BA14: =COUNTIFS(Errors!$F:$F,Analysis!$AE43,Errors!$D:$D,Analysis!$BA$2) -> 0 | BB14: =COUNTIFS(Errors!$F:$F,Analysis!$AE43,Errors!$D:$D,Analysis!$BB$2) -> 0 | BC14: =COUNTIFS(Errors!$F:$F,Analysis!$AE43,Errors!$D:$D,Analysis!$BC$2) -> 0 | BD14: =COUNTIFS(Errors!$F:$F,Analysis!$AE43,Errors!$D:$D,Analysis!$BD$2) -> 0 | BE14: =COUNTIFS(Errors!$F:$F,Analysis!$AE43,Errors!$D:$D,Analysis!$BE$2) -> 0 | BF14: =COUNTIFS(Errors!$F:$F,Analysis!$AE43,Errors!$D:$D,Analysis!$BF$2) -> 0 | BG14: =COUNTIFS(Errors!$F:$F,Analysis!$AE43,Errors!$D:$D,Analysis!$BG$2) -> 0 | BH14: =COUNTIFS(Errors!$F:$F,Analysis!$AE43,Errors!$D:$D,Analysis!$BH$2) -> 0 | BI14: =COUNTIFS(Errors!$F:$F,Analysis!$AE43,Errors!$D:$D,Analysis!$BI$2) -> 0 | BJ14: =COUNTIFS(Errors!$F:$F,Analysis!$AE43,Errors!$D:$D,Analysis!$BJ$2) -> 0 | BL14: =SUM(AF14:BJ14) -> 0 | BN14: =AVERAGE(AF14:BJ14) -> 0 | BO14: Baccarat_E12 | BS14: Baccarat_E12 | BT14: =COUNTIFS(Errors!$D:$D,Analysis!BT$1,Errors!$F:$F,Analysis!$BS14,Errors!$O:$O,"YES") -> 0 | BU14: =COUNTIFS(Errors!$D:$D,Analysis!BU$1,Errors!$F:$F,Analysis!$BS14,Errors!$O:$O,"YES") -> 0 | BV14: =COUNTIFS(Errors!$D:$D,Analysis!BV$1,Errors!$F:$F,Analysis!$BS14,Errors!$O:$O,"YES") -> 0 | BW14: =COUNTIFS(Errors!$D:$D,Analysis!BW$1,Errors!$F:$F,Analysis!$BS14,Errors!$O:$O,"YES") -> 0 | BX14: =COUNTIFS(Errors!$D:$D,Analysis!BX$1,Errors!$F:$F,Analysis!$BS14,Errors!$O:$O,"YES") -> 0 | BY14: =COUNTIFS(Errors!$D:$D,Analysis!BY$1,Errors!$F:$F,Analysis!$BS14,Errors!$O:$O,"YES") -> 0 | BZ14: =COUNTIFS(Errors!$D:$D,Analysis!BZ$1,Errors!$F:$F,Analysis!$BS14,Errors!$O:$O,"YES") -> 0 | CA14: =COUNTIFS(Errors!$D:$D,Analysis!CA$1,Errors!$F:$F,Analysis!$BS14,Errors!$O:$O,"YES") -> 0 | ... CX14: =COUNTIFS(Errors!$D:$D,Analysis!CX$1,Errors!$F:$F,Analysis!$BS14,Errors!$O:$O,"YES") -> 0 | CZ14: =SUM(BT14:CX14) -> 0 | DB14: =AVERAGE(BT14:CX14) -> 0 | DC14: Baccarat_E12
H15: =COUNTIF(Errors!$F$3:$F$3008,$G15) -> 0 | I15: =COUNTIFS(Errors!$F$3:$F$3008,$G15,Errors!$I$3:$I$3008,"TV*") -> 0 | J15: =COUNTIFS(Errors!$F$3:$F$3008,$G15,Errors!$I$3:$I$3008,"<>TV*") -> 0 | K15: =COUNTIFS(Errors!$F$3:$F$3008,$G15,Errors!$Q$3:$Q$3008,"yes") -> 0 | N15: =COUNTIFS(Errors!$O$3:$O$3008,"Yes",Errors!$F$3:$F$3008,$M15)+COUNTIFS(Errors!$P$3:$P$3008,"Yes",Errors!$F$3:$F$3008,$M15) -> 0 | O15: =COUNTIFS(Errors!$O$3:$O$3008,"Yes",Errors!$F$3:$F$3008,$M15,Errors!$I$3:$I$3008,"TV*")+COUNTIFS(Errors!$P$3:$P$3008,"Yes",Errors!$F$3:$F$3008,$M15,Errors!$I$3:$I$3008,"TV*") -> 0 | P15: =COUNTIFS(Errors!$O$3:$O$3008,"Yes",Errors!$F$3:$F$3008,$M15,Errors!$I$3:$I$3008,"<>TV*")+COUNTIFS(Errors!$P$3:$P$3008,"Yes",Errors!$F$3:$F$3008,$M15,Errors!$I$3:$I$3008,"<>TV*") -> 0 | Q15: =COUNTIFS(Errors!$F$3:$F$3008,$M15,Errors!$O$3:$O$3008,"yes") -> 0 | R15: =COUNTIFS(Errors!$F$3:$F$3008,$M15,Errors!$P$3:$P$3008,"yes") -> 0 | AF15: =COUNTIFS(Errors!$F:$F,Analysis!$AE44,Errors!$D:$D,Analysis!$AF$2) -> 0 | AG15: =COUNTIFS(Errors!$F:$F,Analysis!$AE44,Errors!$D:$D,Analysis!$AG$2) -> 0 | AH15: =COUNTIFS(Errors!$F:$F,Analysis!$AE44,Errors!$D:$D,Analysis!$AH$2) -> 0 | AI15: =COUNTIFS(Errors!$F:$F,Analysis!$AE44,Errors!$D:$D,Analysis!$AI$2) -> 0 | AJ15: =COUNTIFS(Errors!$F:$F,Analysis!$AE44,Errors!$D:$D,Analysis!$AJ$2) -> 0 | AK15: =COUNTIFS(Errors!$F:$F,Analysis!$AE44,Errors!$D:$D,Analysis!$AK$2) -> 0 | AL15: =COUNTIFS(Errors!$F:$F,Analysis!$AE44,Errors!$D:$D,Analysis!$AL$2) -> 0 | AM15: =COUNTIFS(Errors!$F:$F,Analysis!$AE44,Errors!$D:$D,Analysis!$AM$2) -> 0 | AN15: =COUNTIFS(Errors!$F:$F,Analysis!$AE44,Errors!$D:$D,Analysis!$AN$2) -> 0 | AO15: =COUNTIFS(Errors!$F:$F,Analysis!$AE44,Errors!$D:$D,Analysis!$AO$2) -> 0 | AP15: =COUNTIFS(Errors!$F:$F,Analysis!$AE44,Errors!$D:$D,Analysis!$AP$2) -> 0 | AQ15: =COUNTIFS(Errors!$F:$F,Analysis!$AE44,Errors!$D:$D,Analysis!$AQ$2) -> 0 | AR15: =COUNTIFS(Errors!$F:$F,Analysis!$AE44,Errors!$D:$D,Analysis!$AR$2) -> 0 | AS15: =COUNTIFS(Errors!$F:$F,Analysis!$AE44,Errors!$D:$D,Analysis!$AS$2) -> 0 | AT15: =COUNTIFS(Errors!$F:$F,Analysis!$AE44,Errors!$D:$D,Analysis!$AT$2) -> 0 | AU15: =COUNTIFS(Errors!$F:$F,Analysis!$AE44,Errors!$D:$D,Analysis!$AU$2) -> 0 | AV15: =COUNTIFS(Errors!$F:$F,Analysis!$AE44,Errors!$D:$D,Analysis!$AV$2) -> 0 | AW15: =COUNTIFS(Errors!$F:$F,Analysis!$AE44,Errors!$D:$D,Analysis!$AW$2) -> 0 | AX15: =COUNTIFS(Errors!$F:$F,Analysis!$AE44,Errors!$D:$D,Analysis!$AX$2) -> 0 | AY15: =COUNTIFS(Errors!$F:$F,Analysis!$AE44,Errors!$D:$D,Analysis!$AY$2) -> 0 | AZ15: =COUNTIFS(Errors!$F:$F,Analysis!$AE44,Errors!$D:$D,Analysis!$AZ$2) -> 0 | BA15: =COUNTIFS(Errors!$F:$F,Analysis!$AE44,Errors!$D:$D,Analysis!$BA$2) -> 0 | BB15: =COUNTIFS(Errors!$F:$F,Analysis!$AE44,Errors!$D:$D,Analysis!$BB$2) -> 0 | BC15: =COUNTIFS(Errors!$F:$F,Analysis!$AE44,Errors!$D:$D,Analysis!$BC$2) -> 0 | BD15: =COUNTIFS(Errors!$F:$F,Analysis!$AE44,Errors!$D:$D,Analysis!$BD$2) -> 0 | BE15: =COUNTIFS(Errors!$F:$F,Analysis!$AE44,Errors!$D:$D,Analysis!$BE$2) -> 0 | BF15: =COUNTIFS(Errors!$F:$F,Analysis!$AE44,Errors!$D:$D,Analysis!$BF$2) -> 0 | BG15: =COUNTIFS(Errors!$F:$F,Analysis!$AE44,Errors!$D:$D,Analysis!$BG$2) -> 0 | BH15: =COUNTIFS(Errors!$F:$F,Analysis!$AE44,Errors!$D:$D,Analysis!$BH$2) -> 0 | BI15: =COUNTIFS(Errors!$F:$F,Analysis!$AE44,Errors!$D:$D,Analysis!$BI$2) -> 0 | BJ15: =COUNTIFS(Errors!$F:$F,Analysis!$AE44,Errors!$D:$D,Analysis!$BJ$2) -> 0 | BL15: =SUM(AF15:BJ15) -> 0 | BN15: =AVERAGE(AF15:BJ15) -> 0 | BO15: Baccarat_E13 | BS15: Baccarat_E13 | BT15: =COUNTIFS(Errors!$D:$D,Analysis!BT$1,Errors!$F:$F,Analysis!$BS15,Errors!$O:$O,"YES") -> 0 | BU15: =COUNTIFS(Errors!$D:$D,Analysis!BU$1,Errors!$F:$F,Analysis!$BS15,Errors!$O:$O,"YES") -> 0 | BV15: =COUNTIFS(Errors!$D:$D,Analysis!BV$1,Errors!$F:$F,Analysis!$BS15,Errors!$O:$O,"YES") -> 0 | BW15: =COUNTIFS(Errors!$D:$D,Analysis!BW$1,Errors!$F:$F,Analysis!$BS15,Errors!$O:$O,"YES") -> 0 | BX15: =COUNTIFS(Errors!$D:$D,Analysis!BX$1,Errors!$F:$F,Analysis!$BS15,Errors!$O:$O,"YES") -> 0 | BY15: =COUNTIFS(Errors!$D:$D,Analysis!BY$1,Errors!$F:$F,Analysis!$BS15,Errors!$O:$O,"YES") -> 0 | BZ15: =COUNTIFS(Errors!$D:$D,Analysis!BZ$1,Errors!$F:$F,Analysis!$BS15,Errors!$O:$O,"YES") -> 0 | CA15: =COUNTIFS(Errors!$D:$D,Analysis!CA$1,Errors!$F:$F,Analysis!$BS15,Errors!$O:$O,"YES") -> 0 | ... CX15: =COUNTIFS(Errors!$D:$D,Analysis!CX$1,Errors!$F:$F,Analysis!$BS15,Errors!$O:$O,"YES") -> 0 | CZ15: =SUM(BT15:CX15) -> 0 | DB15: =AVERAGE(BT15:CX15) -> 0 | DC15: Baccarat_E13
H16: =COUNTIF(Errors!$F$3:$F$3008,$G16) -> 0 | I16: =COUNTIFS(Errors!$F$3:$F$3008,$G16,Errors!$I$3:$I$3008,"TV*") -> 0 | J16: =COUNTIFS(Errors!$F$3:$F$3008,$G16,Errors!$I$3:$I$3008,"<>TV*") -> 0 | K16: =COUNTIFS(Errors!$F$3:$F$3008,$G16,Errors!$Q$3:$Q$3008,"yes") -> 0 | N16: =COUNTIFS(Errors!$O$3:$O$3008,"Yes",Errors!$F$3:$F$3008,$M16)+COUNTIFS(Errors!$P$3:$P$3008,"Yes",Errors!$F$3:$F$3008,$M16) -> 0 | O16: =COUNTIFS(Errors!$O$3:$O$3008,"Yes",Errors!$F$3:$F$3008,$M16,Errors!$I$3:$I$3008,"TV*")+COUNTIFS(Errors!$P$3:$P$3008,"Yes",Errors!$F$3:$F$3008,$M16,Errors!$I$3:$I$3008,"TV*") -> 0 | P16: =COUNTIFS(Errors!$O$3:$O$3008,"Yes",Errors!$F$3:$F$3008,$M16,Errors!$I$3:$I$3008,"<>TV*")+COUNTIFS(Errors!$P$3:$P$3008,"Yes",Errors!$F$3:$F$3008,$M16,Errors!$I$3:$I$3008,"<>TV*") -> 0 | Q16: =COUNTIFS(Errors!$F$3:$F$3008,$M16,Errors!$O$3:$O$3008,"yes") -> 0 | R16: =COUNTIFS(Errors!$F$3:$F$3008,$M16,Errors!$P$3:$P$3008,"yes") -> 0 | AF16: =COUNTIFS(Errors!$F:$F,Analysis!$AE45,Errors!$D:$D,Analysis!$AF$2) -> 0 | AG16: =COUNTIFS(Errors!$F:$F,Analysis!$AE45,Errors!$D:$D,Analysis!$AG$2) -> 0 | AH16: =COUNTIFS(Errors!$F:$F,Analysis!$AE45,Errors!$D:$D,Analysis!$AH$2) -> 0 | AI16: =COUNTIFS(Errors!$F:$F,Analysis!$AE45,Errors!$D:$D,Analysis!$AI$2) -> 0 | AJ16: =COUNTIFS(Errors!$F:$F,Analysis!$AE45,Errors!$D:$D,Analysis!$AJ$2) -> 0 | AK16: =COUNTIFS(Errors!$F:$F,Analysis!$AE45,Errors!$D:$D,Analysis!$AK$2) -> 0 | AL16: =COUNTIFS(Errors!$F:$F,Analysis!$AE45,Errors!$D:$D,Analysis!$AL$2) -> 0 | AM16: =COUNTIFS(Errors!$F:$F,Analysis!$AE45,Errors!$D:$D,Analysis!$AM$2) -> 0 | AN16: =COUNTIFS(Errors!$F:$F,Analysis!$AE45,Errors!$D:$D,Analysis!$AN$2) -> 0 | AO16: =COUNTIFS(Errors!$F:$F,Analysis!$AE45,Errors!$D:$D,Analysis!$AO$2) -> 0 | AP16: =COUNTIFS(Errors!$F:$F,Analysis!$AE45,Errors!$D:$D,Analysis!$AP$2) -> 0 | AQ16: =COUNTIFS(Errors!$F:$F,Analysis!$AE45,Errors!$D:$D,Analysis!$AQ$2) -> 0 | AR16: =COUNTIFS(Errors!$F:$F,Analysis!$AE45,Errors!$D:$D,Analysis!$AR$2) -> 0 | AS16: =COUNTIFS(Errors!$F:$F,Analysis!$AE45,Errors!$D:$D,Analysis!$AS$2) -> 0 | AT16: =COUNTIFS(Errors!$F:$F,Analysis!$AE45,Errors!$D:$D,Analysis!$AT$2) -> 0 | AU16: =COUNTIFS(Errors!$F:$F,Analysis!$AE45,Errors!$D:$D,Analysis!$AU$2) -> 0 | AV16: =COUNTIFS(Errors!$F:$F,Analysis!$AE45,Errors!$D:$D,Analysis!$AV$2) -> 0 | AW16: =COUNTIFS(Errors!$F:$F,Analysis!$AE45,Errors!$D:$D,Analysis!$AW$2) -> 0 | AX16: =COUNTIFS(Errors!$F:$F,Analysis!$AE45,Errors!$D:$D,Analysis!$AX$2) -> 0 | AY16: =COUNTIFS(Errors!$F:$F,Analysis!$AE45,Errors!$D:$D,Analysis!$AY$2) -> 0 | AZ16: =COUNTIFS(Errors!$F:$F,Analysis!$AE45,Errors!$D:$D,Analysis!$AZ$2) -> 0 | BA16: =COUNTIFS(Errors!$F:$F,Analysis!$AE45,Errors!$D:$D,Analysis!$BA$2) -> 0 | BB16: =COUNTIFS(Errors!$F:$F,Analysis!$AE45,Errors!$D:$D,Analysis!$BB$2) -> 0 | BC16: =COUNTIFS(Errors!$F:$F,Analysis!$AE45,Errors!$D:$D,Analysis!$BC$2) -> 0 | BD16: =COUNTIFS(Errors!$F:$F,Analysis!$AE45,Errors!$D:$D,Analysis!$BD$2) -> 0 | BE16: =COUNTIFS(Errors!$F:$F,Analysis!$AE45,Errors!$D:$D,Analysis!$BE$2) -> 0 | BF16: =COUNTIFS(Errors!$F:$F,Analysis!$AE45,Errors!$D:$D,Analysis!$BF$2) -> 0 | BG16: =COUNTIFS(Errors!$F:$F,Analysis!$AE45,Errors!$D:$D,Analysis!$BG$2) -> 0 | BH16: =COUNTIFS(Errors!$F:$F,Analysis!$AE45,Errors!$D:$D,Analysis!$BH$2) -> 0 | BI16: =COUNTIFS(Errors!$F:$F,Analysis!$AE45,Errors!$D:$D,Analysis!$BI$2) -> 0 | BJ16: =COUNTIFS(Errors!$F:$F,Analysis!$AE45,Errors!$D:$D,Analysis!$BJ$2) -> 0 | BL16: =SUM(AF16:BJ16) -> 0 | BN16: =AVERAGE(AF16:BJ16) -> 0 | BO16: Baccarat_EVIP | BS16: Baccarat_EVIP | BT16: =COUNTIFS(Errors!$D:$D,Analysis!BT$1,Errors!$F:$F,Analysis!$BS16,Errors!$O:$O,"YES") -> 0 | BU16: =COUNTIFS(Errors!$D:$D,Analysis!BU$1,Errors!$F:$F,Analysis!$BS16,Errors!$O:$O,"YES") -> 0 | BV16: =COUNTIFS(Errors!$D:$D,Analysis!BV$1,Errors!$F:$F,Analysis!$BS16,Errors!$O:$O,"YES") -> 0 | BW16: =COUNTIFS(Errors!$D:$D,Analysis!BW$1,Errors!$F:$F,Analysis!$BS16,Errors!$O:$O,"YES") -> 0 | BX16: =COUNTIFS(Errors!$D:$D,Analysis!BX$1,Errors!$F:$F,Analysis!$BS16,Errors!$O:$O,"YES") -> 0 | BY16: =COUNTIFS(Errors!$D:$D,Analysis!BY$1,Errors!$F:$F,Analysis!$BS16,Errors!$O:$O,"YES") -> 0 | BZ16: =COUNTIFS(Errors!$D:$D,Analysis!BZ$1,Errors!$F:$F,Analysis!$BS16,Errors!$O:$O,"YES") -> 0 | CA16: =COUNTIFS(Errors!$D:$D,Analysis!CA$1,Errors!$F:$F,Analysis!$BS16,Errors!$O:$O,"YES") -> 0 | ... CX16: =COUNTIFS(Errors!$D:$D,Analysis!CX$1,Errors!$F:$F,Analysis!$BS16,Errors!$O:$O,"YES") -> 0 | CZ16: =SUM(BT16:CX16) -> 0 | DB16: =AVERAGE(BT16:CX16) -> 0 | DC16: Baccarat_EVIP
H17: =COUNTIF(Errors!$F$3:$F$3008,$G17) -> 0 | I17: =COUNTIFS(Errors!$F$3:$F$3008,$G17,Errors!$I$3:$I$3008,"TV*") -> 0 | J17: =COUNTIFS(Errors!$F$3:$F$3008,$G17,Errors!$I$3:$I$3008,"<>TV*") -> 0 | K17: =COUNTIFS(Errors!$F$3:$F$3008,$G17,Errors!$Q$3:$Q$3008,"yes") -> 0 | N17: =COUNTIFS(Errors!$O$3:$O$3008,"Yes",Errors!$F$3:$F$3008,$M17)+COUNTIFS(Errors!$P$3:$P$3008,"Yes",Errors!$F$3:$F$3008,$M17) -> 0 | O17: =COUNTIFS(Errors!$O$3:$O$3008,"Yes",Errors!$F$3:$F$3008,$M17,Errors!$I$3:$I$3008,"TV*")+COUNTIFS(Errors!$P$3:$P$3008,"Yes",Errors!$F$3:$F$3008,$M17,Errors!$I$3:$I$3008,"TV*") -> 0 | P17: =COUNTIFS(Errors!$O$3:$O$3008,"Yes",Errors!$F$3:$F$3008,$M17,Errors!$I$3:$I$3008,"<>TV*")+COUNTIFS(Errors!$P$3:$P$3008,"Yes",Errors!$F$3:$F$3008,$M17,Errors!$I$3:$I$3008,"<>TV*") -> 0 | Q17: =COUNTIFS(Errors!$F$3:$F$3008,$M17,Errors!$O$3:$O$3008,"yes") -> 0 | R17: =COUNTIFS(Errors!$F$3:$F$3008,$M17,Errors!$P$3:$P$3008,"yes") -> 0 | AF17: =COUNTIFS(Errors!$F:$F,Analysis!$AE46,Errors!$D:$D,Analysis!$AF$2) -> 0 | AG17: =COUNTIFS(Errors!$F:$F,Analysis!$AE46,Errors!$D:$D,Analysis!$AG$2) -> 0 | AH17: =COUNTIFS(Errors!$F:$F,Analysis!$AE46,Errors!$D:$D,Analysis!$AH$2) -> 0 | AI17: =COUNTIFS(Errors!$F:$F,Analysis!$AE46,Errors!$D:$D,Analysis!$AI$2) -> 0 | AJ17: =COUNTIFS(Errors!$F:$F,Analysis!$AE46,Errors!$D:$D,Analysis!$AJ$2) -> 0 | AK17: =COUNTIFS(Errors!$F:$F,Analysis!$AE46,Errors!$D:$D,Analysis!$AK$2) -> 0 | AL17: =COUNTIFS(Errors!$F:$F,Analysis!$AE46,Errors!$D:$D,Analysis!$AL$2) -> 0 | AM17: =COUNTIFS(Errors!$F:$F,Analysis!$AE46,Errors!$D:$D,Analysis!$AM$2) -> 0 | AN17: =COUNTIFS(Errors!$F:$F,Analysis!$AE46,Errors!$D:$D,Analysis!$AN$2) -> 0 | AO17: =COUNTIFS(Errors!$F:$F,Analysis!$AE46,Errors!$D:$D,Analysis!$AO$2) -> 0 | AP17: =COUNTIFS(Errors!$F:$F,Analysis!$AE46,Errors!$D:$D,Analysis!$AP$2) -> 0 | AQ17: =COUNTIFS(Errors!$F:$F,Analysis!$AE46,Errors!$D:$D,Analysis!$AQ$2) -> 0 | AR17: =COUNTIFS(Errors!$F:$F,Analysis!$AE46,Errors!$D:$D,Analysis!$AR$2) -> 0 | AS17: =COUNTIFS(Errors!$F:$F,Analysis!$AE46,Errors!$D:$D,Analysis!$AS$2) -> 0 | AT17: =COUNTIFS(Errors!$F:$F,Analysis!$AE46,Errors!$D:$D,Analysis!$AT$2) -> 0 | AU17: =COUNTIFS(Errors!$F:$F,Analysis!$AE46,Errors!$D:$D,Analysis!$AU$2) -> 0 | AV17: =COUNTIFS(Errors!$F:$F,Analysis!$AE46,Errors!$D:$D,Analysis!$AV$2) -> 0 | AW17: =COUNTIFS(Errors!$F:$F,Analysis!$AE46,Errors!$D:$D,Analysis!$AW$2) -> 0 | AX17: =COUNTIFS(Errors!$F:$F,Analysis!$AE46,Errors!$D:$D,Analysis!$AX$2) -> 0 | AY17: =COUNTIFS(Errors!$F:$F,Analysis!$AE46,Errors!$D:$D,Analysis!$AY$2) -> 0 | AZ17: =COUNTIFS(Errors!$F:$F,Analysis!$AE46,Errors!$D:$D,Analysis!$AZ$2) -> 0 | BA17: =COUNTIFS(Errors!$F:$F,Analysis!$AE46,Errors!$D:$D,Analysis!$BA$2) -> 0 | BB17: =COUNTIFS(Errors!$F:$F,Analysis!$AE46,Errors!$D:$D,Analysis!$BB$2) -> 0 | BC17: =COUNTIFS(Errors!$F:$F,Analysis!$AE46,Errors!$D:$D,Analysis!$BC$2) -> 0 | BD17: =COUNTIFS(Errors!$F:$F,Analysis!$AE46,Errors!$D:$D,Analysis!$BD$2) -> 0 | BE17: =COUNTIFS(Errors!$F:$F,Analysis!$AE46,Errors!$D:$D,Analysis!$BE$2) -> 0 | BF17: =COUNTIFS(Errors!$F:$F,Analysis!$AE46,Errors!$D:$D,Analysis!$BF$2) -> 0 | BG17: =COUNTIFS(Errors!$F:$F,Analysis!$AE46,Errors!$D:$D,Analysis!$BG$2) -> 0 | BH17: =COUNTIFS(Errors!$F:$F,Analysis!$AE46,Errors!$D:$D,Analysis!$BH$2) -> 0 | BI17: =COUNTIFS(Errors!$F:$F,Analysis!$AE46,Errors!$D:$D,Analysis!$BI$2) -> 0 | BJ17: =COUNTIFS(Errors!$F:$F,Analysis!$AE46,Errors!$D:$D,Analysis!$BJ$2) -> 0 | BL17: =SUM(AF17:BJ17) -> 0 | BN17: =AVERAGE(AF17:BJ17) -> 0 | BO17: Baccarat_PB1 | BS17: Baccarat_PB1 | BT17: =COUNTIFS(Errors!$D:$D,Analysis!BT$1,Errors!$F:$F,Analysis!$BS17,Errors!$O:$O,"YES") -> 0 | BU17: =COUNTIFS(Errors!$D:$D,Analysis!BU$1,Errors!$F:$F,Analysis!$BS17,Errors!$O:$O,"YES") -> 0 | BV17: =COUNTIFS(Errors!$D:$D,Analysis!BV$1,Errors!$F:$F,Analysis!$BS17,Errors!$O:$O,"YES") -> 0 | BW17: =COUNTIFS(Errors!$D:$D,Analysis!BW$1,Errors!$F:$F,Analysis!$BS17,Errors!$O:$O,"YES") -> 0 | BX17: =COUNTIFS(Errors!$D:$D,Analysis!BX$1,Errors!$F:$F,Analysis!$BS17,Errors!$O:$O,"YES") -> 0 | BY17: =COUNTIFS(Errors!$D:$D,Analysis!BY$1,Errors!$F:$F,Analysis!$BS17,Errors!$O:$O,"YES") -> 0 | BZ17: =COUNTIFS(Errors!$D:$D,Analysis!BZ$1,Errors!$F:$F,Analysis!$BS17,Errors!$O:$O,"YES") -> 0 | CA17: =COUNTIFS(Errors!$D:$D,Analysis!CA$1,Errors!$F:$F,Analysis!$BS17,Errors!$O:$O,"YES") -> 0 | ... CX17: =COUNTIFS(Errors!$D:$D,Analysis!CX$1,Errors!$F:$F,Analysis!$BS17,Errors!$O:$O,"YES") -> 0 | CZ17: =SUM(BT17:CX17) -> 0 | DB17: =AVERAGE(BT17:CX17) -> 0 | DC17: Baccarat_PB1
H18: =COUNTIF(Errors!$F$3:$F$3008,$G18) -> 0 | I18: =COUNTIFS(Errors!$F$3:$F$3008,$G18,Errors!$I$3:$I$3008,"TV*") -> 0 | J18: =COUNTIFS(Errors!$F$3:$F$3008,$G18,Errors!$I$3:$I$3008,"<>TV*") -> 0 | K18: =COUNTIFS(Errors!$F$3:$F$3008,$G18,Errors!$Q$3:$Q$3008,"yes") -> 0 | N18: =COUNTIFS(Errors!$O$3:$O$3008,"Yes",Errors!$F$3:$F$3008,$M18)+COUNTIFS(Errors!$P$3:$P$3008,"Yes",Errors!$F$3:$F$3008,$M18) -> 0 | O18: =COUNTIFS(Errors!$O$3:$O$3008,"Yes",Errors!$F$3:$F$3008,$M18,Errors!$I$3:$I$3008,"TV*")+COUNTIFS(Errors!$P$3:$P$3008,"Yes",Errors!$F$3:$F$3008,$M18,Errors!$I$3:$I$3008,"TV*") -> 0 | P18: =COUNTIFS(Errors!$O$3:$O$3008,"Yes",Errors!$F$3:$F$3008,$M18,Errors!$I$3:$I$3008,"<>TV*")+COUNTIFS(Errors!$P$3:$P$3008,"Yes",Errors!$F$3:$F$3008,$M18,Errors!$I$3:$I$3008,"<>TV*") -> 0 | Q18: =COUNTIFS(Errors!$F$3:$F$3008,$M18,Errors!$O$3:$O$3008,"yes") -> 0 | R18: =COUNTIFS(Errors!$F$3:$F$3008,$M18,Errors!$P$3:$P$3008,"yes") -> 0 | AF18: =COUNTIFS(Errors!$F:$F,Analysis!$AE47,Errors!$D:$D,Analysis!$AF$2) -> 0 | AG18: =COUNTIFS(Errors!$F:$F,Analysis!$AE47,Errors!$D:$D,Analysis!$AG$2) -> 0 | AH18: =COUNTIFS(Errors!$F:$F,Analysis!$AE47,Errors!$D:$D,Analysis!$AH$2) -> 0 | AI18: =COUNTIFS(Errors!$F:$F,Analysis!$AE47,Errors!$D:$D,Analysis!$AI$2) -> 0 | AJ18: =COUNTIFS(Errors!$F:$F,Analysis!$AE47,Errors!$D:$D,Analysis!$AJ$2) -> 0 | AK18: =COUNTIFS(Errors!$F:$F,Analysis!$AE47,Errors!$D:$D,Analysis!$AK$2) -> 0 | AL18: =COUNTIFS(Errors!$F:$F,Analysis!$AE47,Errors!$D:$D,Analysis!$AL$2) -> 0 | AM18: =COUNTIFS(Errors!$F:$F,Analysis!$AE47,Errors!$D:$D,Analysis!$AM$2) -> 0 | AN18: =COUNTIFS(Errors!$F:$F,Analysis!$AE47,Errors!$D:$D,Analysis!$AN$2) -> 0 | AO18: =COUNTIFS(Errors!$F:$F,Analysis!$AE47,Errors!$D:$D,Analysis!$AO$2) -> 0 | AP18: =COUNTIFS(Errors!$F:$F,Analysis!$AE47,Errors!$D:$D,Analysis!$AP$2) -> 0 | AQ18: =COUNTIFS(Errors!$F:$F,Analysis!$AE47,Errors!$D:$D,Analysis!$AQ$2) -> 0 | AR18: =COUNTIFS(Errors!$F:$F,Analysis!$AE47,Errors!$D:$D,Analysis!$AR$2) -> 0 | AS18: =COUNTIFS(Errors!$F:$F,Analysis!$AE47,Errors!$D:$D,Analysis!$AS$2) -> 0 | AT18: =COUNTIFS(Errors!$F:$F,Analysis!$AE47,Errors!$D:$D,Analysis!$AT$2) -> 0 | AU18: =COUNTIFS(Errors!$F:$F,Analysis!$AE47,Errors!$D:$D,Analysis!$AU$2) -> 0 | AV18: =COUNTIFS(Errors!$F:$F,Analysis!$AE47,Errors!$D:$D,Analysis!$AV$2) -> 0 | AW18: =COUNTIFS(Errors!$F:$F,Analysis!$AE47,Errors!$D:$D,Analysis!$AW$2) -> 0 | AX18: =COUNTIFS(Errors!$F:$F,Analysis!$AE47,Errors!$D:$D,Analysis!$AX$2) -> 0 | AY18: =COUNTIFS(Errors!$F:$F,Analysis!$AE47,Errors!$D:$D,Analysis!$AY$2) -> 0 | AZ18: =COUNTIFS(Errors!$F:$F,Analysis!$AE47,Errors!$D:$D,Analysis!$AZ$2) -> 0 | BA18: =COUNTIFS(Errors!$F:$F,Analysis!$AE47,Errors!$D:$D,Analysis!$BA$2) -> 0 | BB18: =COUNTIFS(Errors!$F:$F,Analysis!$AE47,Errors!$D:$D,Analysis!$BB$2) -> 0 | BC18: =COUNTIFS(Errors!$F:$F,Analysis!$AE47,Errors!$D:$D,Analysis!$BC$2) -> 0 | BD18: =COUNTIFS(Errors!$F:$F,Analysis!$AE47,Errors!$D:$D,Analysis!$BD$2) -> 0 | BE18: =COUNTIFS(Errors!$F:$F,Analysis!$AE47,Errors!$D:$D,Analysis!$BE$2) -> 0 | BF18: =COUNTIFS(Errors!$F:$F,Analysis!$AE47,Errors!$D:$D,Analysis!$BF$2) -> 0 | BG18: =COUNTIFS(Errors!$F:$F,Analysis!$AE47,Errors!$D:$D,Analysis!$BG$2) -> 0 | BH18: =COUNTIFS(Errors!$F:$F,Analysis!$AE47,Errors!$D:$D,Analysis!$BH$2) -> 0 | BI18: =COUNTIFS(Errors!$F:$F,Analysis!$AE47,Errors!$D:$D,Analysis!$BI$2) -> 0 | BJ18: =COUNTIFS(Errors!$F:$F,Analysis!$AE47,Errors!$D:$D,Analysis!$BJ$2) -> 0 | BL18: =SUM(AF18:BJ18) -> 0 | BN18: =AVERAGE(AF18:BJ18) -> 0 | BO18: Baccarat_PB2 | BS18: Baccarat_PB2 | BT18: =COUNTIFS(Errors!$D:$D,Analysis!BT$1,Errors!$F:$F,Analysis!$BS18,Errors!$O:$O,"YES") -> 0 | BU18: =COUNTIFS(Errors!$D:$D,Analysis!BU$1,Errors!$F:$F,Analysis!$BS18,Errors!$O:$O,"YES") -> 0 | BV18: =COUNTIFS(Errors!$D:$D,Analysis!BV$1,Errors!$F:$F,Analysis!$BS18,Errors!$O:$O,"YES") -> 0 | BW18: =COUNTIFS(Errors!$D:$D,Analysis!BW$1,Errors!$F:$F,Analysis!$BS18,Errors!$O:$O,"YES") -> 0 | BX18: =COUNTIFS(Errors!$D:$D,Analysis!BX$1,Errors!$F:$F,Analysis!$BS18,Errors!$O:$O,"YES") -> 0 | BY18: =COUNTIFS(Errors!$D:$D,Analysis!BY$1,Errors!$F:$F,Analysis!$BS18,Errors!$O:$O,"YES") -> 0 | BZ18: =COUNTIFS(Errors!$D:$D,Analysis!BZ$1,Errors!$F:$F,Analysis!$BS18,Errors!$O:$O,"YES") -> 0 | CA18: =COUNTIFS(Errors!$D:$D,Analysis!CA$1,Errors!$F:$F,Analysis!$BS18,Errors!$O:$O,"YES") -> 0 | ... CX18: =COUNTIFS(Errors!$D:$D,Analysis!CX$1,Errors!$F:$F,Analysis!$BS18,Errors!$O:$O,"YES") -> 0 | CZ18: =SUM(BT18:CX18) -> 0 | DB18: =AVERAGE(BT18:CX18) -> 0 | DC18: Baccarat_PB2
H19: =COUNTIF(Errors!$F$3:$F$3008,$G19) -> 0 | I19: =COUNTIFS(Errors!$F$3:$F$3008,$G19,Errors!$I$3:$I$3008,"TV*") -> 0 | J19: =COUNTIFS(Errors!$F$3:$F$3008,$G19,Errors!$I$3:$I$3008,"<>TV*") -> 0 | K19: =COUNTIFS(Errors!$F$3:$F$3008,$G19,Errors!$Q$3:$Q$3008,"yes") -> 0 | N19: =COUNTIFS(Errors!$O$3:$O$3008,"Yes",Errors!$F$3:$F$3008,$M19)+COUNTIFS(Errors!$P$3:$P$3008,"Yes",Errors!$F$3:$F$3008,$M19) -> 0 | O19: =COUNTIFS(Errors!$O$3:$O$3008,"Yes",Errors!$F$3:$F$3008,$M19,Errors!$I$3:$I$3008,"TV*")+COUNTIFS(Errors!$P$3:$P$3008,"Yes",Errors!$F$3:$F$3008,$M19,Errors!$I$3:$I$3008,"TV*") -> 0 | P19: =COUNTIFS(Errors!$O$3:$O$3008,"Yes",Errors!$F$3:$F$3008,$M19,Errors!$I$3:$I$3008,"<>TV*")+COUNTIFS(Errors!$P$3:$P$3008,"Yes",Errors!$F$3:$F$3008,$M19,Errors!$I$3:$I$3008,"<>TV*") -> 0 | Q19: =COUNTIFS(Errors!$F$3:$F$3008,$M19,Errors!$O$3:$O$3008,"yes") -> 0 | R19: =COUNTIFS(Errors!$F$3:$F$3008,$M19,Errors!$P$3:$P$3008,"yes") -> 0 | AF19: =COUNTIFS(Errors!$F:$F,Analysis!$AE48,Errors!$D:$D,Analysis!$AF$2) -> 0 | AG19: =COUNTIFS(Errors!$F:$F,Analysis!$AE48,Errors!$D:$D,Analysis!$AG$2) -> 0 | AH19: =COUNTIFS(Errors!$F:$F,Analysis!$AE48,Errors!$D:$D,Analysis!$AH$2) -> 0 | AI19: =COUNTIFS(Errors!$F:$F,Analysis!$AE48,Errors!$D:$D,Analysis!$AI$2) -> 0 | AJ19: =COUNTIFS(Errors!$F:$F,Analysis!$AE48,Errors!$D:$D,Analysis!$AJ$2) -> 0 | AK19: =COUNTIFS(Errors!$F:$F,Analysis!$AE48,Errors!$D:$D,Analysis!$AK$2) -> 0 | AL19: =COUNTIFS(Errors!$F:$F,Analysis!$AE48,Errors!$D:$D,Analysis!$AL$2) -> 0 | AM19: =COUNTIFS(Errors!$F:$F,Analysis!$AE48,Errors!$D:$D,Analysis!$AM$2) -> 0 | AN19: =COUNTIFS(Errors!$F:$F,Analysis!$AE48,Errors!$D:$D,Analysis!$AN$2) -> 0 | AO19: =COUNTIFS(Errors!$F:$F,Analysis!$AE48,Errors!$D:$D,Analysis!$AO$2) -> 0 | AP19: =COUNTIFS(Errors!$F:$F,Analysis!$AE48,Errors!$D:$D,Analysis!$AP$2) -> 0 | AQ19: =COUNTIFS(Errors!$F:$F,Analysis!$AE48,Errors!$D:$D,Analysis!$AQ$2) -> 0 | AR19: =COUNTIFS(Errors!$F:$F,Analysis!$AE48,Errors!$D:$D,Analysis!$AR$2) -> 0 | AS19: =COUNTIFS(Errors!$F:$F,Analysis!$AE48,Errors!$D:$D,Analysis!$AS$2) -> 0 | AT19: =COUNTIFS(Errors!$F:$F,Analysis!$AE48,Errors!$D:$D,Analysis!$AT$2) -> 0 | AU19: =COUNTIFS(Errors!$F:$F,Analysis!$AE48,Errors!$D:$D,Analysis!$AU$2) -> 0 | AV19: =COUNTIFS(Errors!$F:$F,Analysis!$AE48,Errors!$D:$D,Analysis!$AV$2) -> 0 | AW19: =COUNTIFS(Errors!$F:$F,Analysis!$AE48,Errors!$D:$D,Analysis!$AW$2) -> 0 | AX19: =COUNTIFS(Errors!$F:$F,Analysis!$AE48,Errors!$D:$D,Analysis!$AX$2) -> 0 | AY19: =COUNTIFS(Errors!$F:$F,Analysis!$AE48,Errors!$D:$D,Analysis!$AY$2) -> 0 | AZ19: =COUNTIFS(Errors!$F:$F,Analysis!$AE48,Errors!$D:$D,Analysis!$AZ$2) -> 0 | BA19: =COUNTIFS(Errors!$F:$F,Analysis!$AE48,Errors!$D:$D,Analysis!$BA$2) -> 0 | BB19: =COUNTIFS(Errors!$F:$F,Analysis!$AE48,Errors!$D:$D,Analysis!$BB$2) -> 0 | BC19: =COUNTIFS(Errors!$F:$F,Analysis!$AE48,Errors!$D:$D,Analysis!$BC$2) -> 0 | BD19: =COUNTIFS(Errors!$F:$F,Analysis!$AE48,Errors!$D:$D,Analysis!$BD$2) -> 0 | BE19: =COUNTIFS(Errors!$F:$F,Analysis!$AE48,Errors!$D:$D,Analysis!$BE$2) -> 0 | BF19: =COUNTIFS(Errors!$F:$F,Analysis!$AE48,Errors!$D:$D,Analysis!$BF$2) -> 0 | BG19: =COUNTIFS(Errors!$F:$F,Analysis!$AE48,Errors!$D:$D,Analysis!$BG$2) -> 0 | BH19: =COUNTIFS(Errors!$F:$F,Analysis!$AE48,Errors!$D:$D,Analysis!$BH$2) -> 0 | BI19: =COUNTIFS(Errors!$F:$F,Analysis!$AE48,Errors!$D:$D,Analysis!$BI$2) -> 0 | BJ19: =COUNTIFS(Errors!$F:$F,Analysis!$AE48,Errors!$D:$D,Analysis!$BJ$2) -> 0 | BL19: =SUM(AF19:BJ19) -> 0 | BN19: =AVERAGE(AF19:BJ19) -> 0 | BO19: Baccarat_PB3 | BS19: Baccarat_PB3 | BT19: =COUNTIFS(Errors!$D:$D,Analysis!BT$1,Errors!$F:$F,Analysis!$BS19,Errors!$O:$O,"YES") -> 0 | BU19: =COUNTIFS(Errors!$D:$D,Analysis!BU$1,Errors!$F:$F,Analysis!$BS19,Errors!$O:$O,"YES") -> 0 | BV19: =COUNTIFS(Errors!$D:$D,Analysis!BV$1,Errors!$F:$F,Analysis!$BS19,Errors!$O:$O,"YES") -> 0 | BW19: =COUNTIFS(Errors!$D:$D,Analysis!BW$1,Errors!$F:$F,Analysis!$BS19,Errors!$O:$O,"YES") -> 0 | BX19: =COUNTIFS(Errors!$D:$D,Analysis!BX$1,Errors!$F:$F,Analysis!$BS19,Errors!$O:$O,"YES") -> 0 | BY19: =COUNTIFS(Errors!$D:$D,Analysis!BY$1,Errors!$F:$F,Analysis!$BS19,Errors!$O:$O,"YES") -> 0 | BZ19: =COUNTIFS(Errors!$D:$D,Analysis!BZ$1,Errors!$F:$F,Analysis!$BS19,Errors!$O:$O,"YES") -> 0 | CA19: =COUNTIFS(Errors!$D:$D,Analysis!CA$1,Errors!$F:$F,Analysis!$BS19,Errors!$O:$O,"YES") -> 0 | ... CX19: =COUNTIFS(Errors!$D:$D,Analysis!CX$1,Errors!$F:$F,Analysis!$BS19,Errors!$O:$O,"YES") -> 0 | CZ19: =SUM(BT19:CX19) -> 0 | DB19: =AVERAGE(BT19:CX19) -> 0 | DC19: Baccarat_PB3
H20: =COUNTIF(Errors!$F$3:$F$3008,$G20) -> 0 | I20: =COUNTIFS(Errors!$F$3:$F$3008,$G20,Errors!$I$3:$I$3008,"TV*") -> 0 | J20: =COUNTIFS(Errors!$F$3:$F$3008,$G20,Errors!$I$3:$I$3008,"<>TV*") -> 0 | K20: =COUNTIFS(Errors!$F$3:$F$3008,$G20,Errors!$Q$3:$Q$3008,"yes") -> 0 | N20: =COUNTIFS(Errors!$O$3:$O$3008,"Yes",Errors!$F$3:$F$3008,$M20)+COUNTIFS(Errors!$P$3:$P$3008,"Yes",Errors!$F$3:$F$3008,$M20) -> 0 | O20: =COUNTIFS(Errors!$O$3:$O$3008,"Yes",Errors!$F$3:$F$3008,$M20,Errors!$I$3:$I$3008,"TV*")+COUNTIFS(Errors!$P$3:$P$3008,"Yes",Errors!$F$3:$F$3008,$M20,Errors!$I$3:$I$3008,"TV*") -> 0 | P20: =COUNTIFS(Errors!$O$3:$O$3008,"Yes",Errors!$F$3:$F$3008,$M20,Errors!$I$3:$I$3008,"<>TV*")+COUNTIFS(Errors!$P$3:$P$3008,"Yes",Errors!$F$3:$F$3008,$M20,Errors!$I$3:$I$3008,"<>TV*") -> 0 | Q20: =COUNTIFS(Errors!$F$3:$F$3008,$M20,Errors!$O$3:$O$3008,"yes") -> 0 | R20: =COUNTIFS(Errors!$F$3:$F$3008,$M20,Errors!$P$3:$P$3008,"yes") -> 0 | AF20: =COUNTIFS(Errors!$F:$F,Analysis!$AE49,Errors!$D:$D,Analysis!$AF$2) -> 0 | AG20: =COUNTIFS(Errors!$F:$F,Analysis!$AE49,Errors!$D:$D,Analysis!$AG$2) -> 0 | AH20: =COUNTIFS(Errors!$F:$F,Analysis!$AE49,Errors!$D:$D,Analysis!$AH$2) -> 0 | AI20: =COUNTIFS(Errors!$F:$F,Analysis!$AE49,Errors!$D:$D,Analysis!$AI$2) -> 0 | AJ20: =COUNTIFS(Errors!$F:$F,Analysis!$AE49,Errors!$D:$D,Analysis!$AJ$2) -> 0 | AK20: =COUNTIFS(Errors!$F:$F,Analysis!$AE49,Errors!$D:$D,Analysis!$AK$2) -> 0 | AL20: =COUNTIFS(Errors!$F:$F,Analysis!$AE49,Errors!$D:$D,Analysis!$AL$2) -> 0 | AM20: =COUNTIFS(Errors!$F:$F,Analysis!$AE49,Errors!$D:$D,Analysis!$AM$2) -> 0 | AN20: =COUNTIFS(Errors!$F:$F,Analysis!$AE49,Errors!$D:$D,Analysis!$AN$2) -> 0 | AO20: =COUNTIFS(Errors!$F:$F,Analysis!$AE49,Errors!$D:$D,Analysis!$AO$2) -> 0 | AP20: =COUNTIFS(Errors!$F:$F,Analysis!$AE49,Errors!$D:$D,Analysis!$AP$2) -> 0 | AQ20: =COUNTIFS(Errors!$F:$F,Analysis!$AE49,Errors!$D:$D,Analysis!$AQ$2) -> 0 | AR20: =COUNTIFS(Errors!$F:$F,Analysis!$AE49,Errors!$D:$D,Analysis!$AR$2) -> 0 | AS20: =COUNTIFS(Errors!$F:$F,Analysis!$AE49,Errors!$D:$D,Analysis!$AS$2) -> 0 | AT20: =COUNTIFS(Errors!$F:$F,Analysis!$AE49,Errors!$D:$D,Analysis!$AT$2) -> 0 | AU20: =COUNTIFS(Errors!$F:$F,Analysis!$AE49,Errors!$D:$D,Analysis!$AU$2) -> 0 | AV20: =COUNTIFS(Errors!$F:$F,Analysis!$AE49,Errors!$D:$D,Analysis!$AV$2) -> 0 | AW20: =COUNTIFS(Errors!$F:$F,Analysis!$AE49,Errors!$D:$D,Analysis!$AW$2) -> 0 | AX20: =COUNTIFS(Errors!$F:$F,Analysis!$AE49,Errors!$D:$D,Analysis!$AX$2) -> 0 | AY20: =COUNTIFS(Errors!$F:$F,Analysis!$AE49,Errors!$D:$D,Analysis!$AY$2) -> 0 | AZ20: =COUNTIFS(Errors!$F:$F,Analysis!$AE49,Errors!$D:$D,Analysis!$AZ$2) -> 0 | BA20: =COUNTIFS(Errors!$F:$F,Analysis!$AE49,Errors!$D:$D,Analysis!$BA$2) -> 0 | BB20: =COUNTIFS(Errors!$F:$F,Analysis!$AE49,Errors!$D:$D,Analysis!$BB$2) -> 0 | BC20: =COUNTIFS(Errors!$F:$F,Analysis!$AE49,Errors!$D:$D,Analysis!$BC$2) -> 0 | BD20: =COUNTIFS(Errors!$F:$F,Analysis!$AE49,Errors!$D:$D,Analysis!$BD$2) -> 0 | BE20: =COUNTIFS(Errors!$F:$F,Analysis!$AE49,Errors!$D:$D,Analysis!$BE$2) -> 0 | BF20: =COUNTIFS(Errors!$F:$F,Analysis!$AE49,Errors!$D:$D,Analysis!$BF$2) -> 0 | BG20: =COUNTIFS(Errors!$F:$F,Analysis!$AE49,Errors!$D:$D,Analysis!$BG$2) -> 0 | BH20: =COUNTIFS(Errors!$F:$F,Analysis!$AE49,Errors!$D:$D,Analysis!$BH$2) -> 0 | BI20: =COUNTIFS(Errors!$F:$F,Analysis!$AE49,Errors!$D:$D,Analysis!$BI$2) -> 0 | BJ20: =COUNTIFS(Errors!$F:$F,Analysis!$AE49,Errors!$D:$D,Analysis!$BJ$2) -> 0 | BL20: =SUM(AF20:BJ20) -> 0 | BN20: =AVERAGE(AF20:BJ20) -> 0 | BO20: Baccarat_PB4 | BS20: Baccarat_PB4 | BT20: =COUNTIFS(Errors!$D:$D,Analysis!BT$1,Errors!$F:$F,Analysis!$BS20,Errors!$O:$O,"YES") -> 0 | BU20: =COUNTIFS(Errors!$D:$D,Analysis!BU$1,Errors!$F:$F,Analysis!$BS20,Errors!$O:$O,"YES") -> 0 | BV20: =COUNTIFS(Errors!$D:$D,Analysis!BV$1,Errors!$F:$F,Analysis!$BS20,Errors!$O:$O,"YES") -> 0 | BW20: =COUNTIFS(Errors!$D:$D,Analysis!BW$1,Errors!$F:$F,Analysis!$BS20,Errors!$O:$O,"YES") -> 0 | BX20: =COUNTIFS(Errors!$D:$D,Analysis!BX$1,Errors!$F:$F,Analysis!$BS20,Errors!$O:$O,"YES") -> 0 | BY20: =COUNTIFS(Errors!$D:$D,Analysis!BY$1,Errors!$F:$F,Analysis!$BS20,Errors!$O:$O,"YES") -> 0 | BZ20: =COUNTIFS(Errors!$D:$D,Analysis!BZ$1,Errors!$F:$F,Analysis!$BS20,Errors!$O:$O,"YES") -> 0 | CA20: =COUNTIFS(Errors!$D:$D,Analysis!CA$1,Errors!$F:$F,Analysis!$BS20,Errors!$O:$O,"YES") -> 0 | ... CX20: =COUNTIFS(Errors!$D:$D,Analysis!CX$1,Errors!$F:$F,Analysis!$BS20,Errors!$O:$O,"YES") -> 0 | CZ20: =SUM(BT20:CX20) -> 0 | DB20: =AVERAGE(BT20:CX20) -> 0 | DC20: Baccarat_PB4
H21: =COUNTIF(Errors!$F$3:$F$3008,$G21) -> 0 | I21: =COUNTIFS(Errors!$F$3:$F$3008,$G21,Errors!$I$3:$I$3008,"TV*") -> 0 | J21: =COUNTIFS(Errors!$F$3:$F$3008,$G21,Errors!$I$3:$I$3008,"<>TV*") -> 0 | K21: =COUNTIFS(Errors!$F$3:$F$3008,$G21,Errors!$Q$3:$Q$3008,"yes") -> 0 | N21: =COUNTIFS(Errors!$O$3:$O$3008,"Yes",Errors!$F$3:$F$3008,$M21)+COUNTIFS(Errors!$P$3:$P$3008,"Yes",Errors!$F$3:$F$3008,$M21) -> 0 | O21: =COUNTIFS(Errors!$O$3:$O$3008,"Yes",Errors!$F$3:$F$3008,$M21,Errors!$I$3:$I$3008,"TV*")+COUNTIFS(Errors!$P$3:$P$3008,"Yes",Errors!$F$3:$F$3008,$M21,Errors!$I$3:$I$3008,"TV*") -> 0 | P21: =COUNTIFS(Errors!$O$3:$O$3008,"Yes",Errors!$F$3:$F$3008,$M21,Errors!$I$3:$I$3008,"<>TV*")+COUNTIFS(Errors!$P$3:$P$3008,"Yes",Errors!$F$3:$F$3008,$M21,Errors!$I$3:$I$3008,"<>TV*") -> 0 | Q21: =COUNTIFS(Errors!$F$3:$F$3008,$M21,Errors!$O$3:$O$3008,"yes") -> 0 | R21: =COUNTIFS(Errors!$F$3:$F$3008,$M21,Errors!$P$3:$P$3008,"yes") -> 0 | AF21: =COUNTIFS(Errors!$F:$F,Analysis!$AE50,Errors!$D:$D,Analysis!$AF$2) -> 0 | AG21: =COUNTIFS(Errors!$F:$F,Analysis!$AE50,Errors!$D:$D,Analysis!$AG$2) -> 0 | AH21: =COUNTIFS(Errors!$F:$F,Analysis!$AE50,Errors!$D:$D,Analysis!$AH$2) -> 0 | AI21: =COUNTIFS(Errors!$F:$F,Analysis!$AE50,Errors!$D:$D,Analysis!$AI$2) -> 0 | AJ21: =COUNTIFS(Errors!$F:$F,Analysis!$AE50,Errors!$D:$D,Analysis!$AJ$2) -> 0 | AK21: =COUNTIFS(Errors!$F:$F,Analysis!$AE50,Errors!$D:$D,Analysis!$AK$2) -> 0 | AL21: =COUNTIFS(Errors!$F:$F,Analysis!$AE50,Errors!$D:$D,Analysis!$AL$2) -> 0 | AM21: =COUNTIFS(Errors!$F:$F,Analysis!$AE50,Errors!$D:$D,Analysis!$AM$2) -> 0 | AN21: =COUNTIFS(Errors!$F:$F,Analysis!$AE50,Errors!$D:$D,Analysis!$AN$2) -> 0 | AO21: =COUNTIFS(Errors!$F:$F,Analysis!$AE50,Errors!$D:$D,Analysis!$AO$2) -> 0 | AP21: =COUNTIFS(Errors!$F:$F,Analysis!$AE50,Errors!$D:$D,Analysis!$AP$2) -> 0 | AQ21: =COUNTIFS(Errors!$F:$F,Analysis!$AE50,Errors!$D:$D,Analysis!$AQ$2) -> 0 | AR21: =COUNTIFS(Errors!$F:$F,Analysis!$AE50,Errors!$D:$D,Analysis!$AR$2) -> 0 | AS21: =COUNTIFS(Errors!$F:$F,Analysis!$AE50,Errors!$D:$D,Analysis!$AS$2) -> 0 | AT21: =COUNTIFS(Errors!$F:$F,Analysis!$AE50,Errors!$D:$D,Analysis!$AT$2) -> 0 | AU21: =COUNTIFS(Errors!$F:$F,Analysis!$AE50,Errors!$D:$D,Analysis!$AU$2) -> 0 | AV21: =COUNTIFS(Errors!$F:$F,Analysis!$AE50,Errors!$D:$D,Analysis!$AV$2) -> 0 | AW21: =COUNTIFS(Errors!$F:$F,Analysis!$AE50,Errors!$D:$D,Analysis!$AW$2) -> 0 | AX21: =COUNTIFS(Errors!$F:$F,Analysis!$AE50,Errors!$D:$D,Analysis!$AX$2) -> 0 | AY21: =COUNTIFS(Errors!$F:$F,Analysis!$AE50,Errors!$D:$D,Analysis!$AY$2) -> 0 | AZ21: =COUNTIFS(Errors!$F:$F,Analysis!$AE50,Errors!$D:$D,Analysis!$AZ$2) -> 0 | BA21: =COUNTIFS(Errors!$F:$F,Analysis!$AE50,Errors!$D:$D,Analysis!$BA$2) -> 0 | BB21: =COUNTIFS(Errors!$F:$F,Analysis!$AE50,Errors!$D:$D,Analysis!$BB$2) -> 0 | BC21: =COUNTIFS(Errors!$F:$F,Analysis!$AE50,Errors!$D:$D,Analysis!$BC$2) -> 0 | BD21: =COUNTIFS(Errors!$F:$F,Analysis!$AE50,Errors!$D:$D,Analysis!$BD$2) -> 0 | BE21: =COUNTIFS(Errors!$F:$F,Analysis!$AE50,Errors!$D:$D,Analysis!$BE$2) -> 0 | BF21: =COUNTIFS(Errors!$F:$F,Analysis!$AE50,Errors!$D:$D,Analysis!$BF$2) -> 0 | BG21: =COUNTIFS(Errors!$F:$F,Analysis!$AE50,Errors!$D:$D,Analysis!$BG$2) -> 0 | BH21: =COUNTIFS(Errors!$F:$F,Analysis!$AE50,Errors!$D:$D,Analysis!$BH$2) -> 0 | BI21: =COUNTIFS(Errors!$F:$F,Analysis!$AE50,Errors!$D:$D,Analysis!$BI$2) -> 0 | BJ21: =COUNTIFS(Errors!$F:$F,Analysis!$AE50,Errors!$D:$D,Analysis!$BJ$2) -> 0 | BL21: =SUM(AF21:BJ21) -> 0 | BN21: =AVERAGE(AF21:BJ21) -> 0 | BO21: Roulette_PB1 | BS21: Roulette_PB1 | BT21: =COUNTIFS(Errors!$D:$D,Analysis!BT$1,Errors!$F:$F,Analysis!$BS21,Errors!$O:$O,"YES") -> 0 | BU21: =COUNTIFS(Errors!$D:$D,Analysis!BU$1,Errors!$F:$F,Analysis!$BS21,Errors!$O:$O,"YES") -> 0 | BV21: =COUNTIFS(Errors!$D:$D,Analysis!BV$1,Errors!$F:$F,Analysis!$BS21,Errors!$O:$O,"YES") -> 0 | BW21: =COUNTIFS(Errors!$D:$D,Analysis!BW$1,Errors!$F:$F,Analysis!$BS21,Errors!$O:$O,"YES") -> 0 | BX21: =COUNTIFS(Errors!$D:$D,Analysis!BX$1,Errors!$F:$F,Analysis!$BS21,Errors!$O:$O,"YES") -> 0 | BY21: =COUNTIFS(Errors!$D:$D,Analysis!BY$1,Errors!$F:$F,Analysis!$BS21,Errors!$O:$O,"YES") -> 0 | BZ21: =COUNTIFS(Errors!$D:$D,Analysis!BZ$1,Errors!$F:$F,Analysis!$BS21,Errors!$O:$O,"YES") -> 0 | CA21: =COUNTIFS(Errors!$D:$D,Analysis!CA$1,Errors!$F:$F,Analysis!$BS21,Errors!$O:$O,"YES") -> 0 | ... CX21: =COUNTIFS(Errors!$D:$D,Analysis!CX$1,Errors!$F:$F,Analysis!$BS21,Errors!$O:$O,"YES") -> 0 | CZ21: =SUM(BT21:CX21) -> 0 | DB21: =AVERAGE(BT21:CX21) -> 0 | DC21: Roulette_PB1
H22: =COUNTIF(Errors!$F$3:$F$3008,$G22) -> 0 | I22: =COUNTIFS(Errors!$F$3:$F$3008,$G22,Errors!$I$3:$I$3008,"TV*") -> 0 | J22: =COUNTIFS(Errors!$F$3:$F$3008,$G22,Errors!$I$3:$I$3008,"<>TV*") -> 0 | K22: =COUNTIFS(Errors!$F$3:$F$3008,$G22,Errors!$Q$3:$Q$3008,"yes") -> 0 | N22: =COUNTIFS(Errors!$O$3:$O$3008,"Yes",Errors!$F$3:$F$3008,$M22)+COUNTIFS(Errors!$P$3:$P$3008,"Yes",Errors!$F$3:$F$3008,$M22) -> 0 | O22: =COUNTIFS(Errors!$O$3:$O$3008,"Yes",Errors!$F$3:$F$3008,$M22,Errors!$I$3:$I$3008,"TV*")+COUNTIFS(Errors!$P$3:$P$3008,"Yes",Errors!$F$3:$F$3008,$M22,Errors!$I$3:$I$3008,"TV*") -> 0 | P22: =COUNTIFS(Errors!$O$3:$O$3008,"Yes",Errors!$F$3:$F$3008,$M22,Errors!$I$3:$I$3008,"<>TV*")+COUNTIFS(Errors!$P$3:$P$3008,"Yes",Errors!$F$3:$F$3008,$M22,Errors!$I$3:$I$3008,"<>TV*") -> 0 | Q22: =COUNTIFS(Errors!$F$3:$F$3008,$M22,Errors!$O$3:$O$3008,"yes") -> 0 | R22: =COUNTIFS(Errors!$F$3:$F$3008,$M22,Errors!$P$3:$P$3008,"yes") -> 0 | AF22: =COUNTIFS(Errors!$F:$F,Analysis!$AE51,Errors!$D:$D,Analysis!$AF$2) -> 0 | AG22: =COUNTIFS(Errors!$F:$F,Analysis!$AE51,Errors!$D:$D,Analysis!$AG$2) -> 0 | AH22: =COUNTIFS(Errors!$F:$F,Analysis!$AE51,Errors!$D:$D,Analysis!$AH$2) -> 0 | AI22: =COUNTIFS(Errors!$F:$F,Analysis!$AE51,Errors!$D:$D,Analysis!$AI$2) -> 0 | AJ22: =COUNTIFS(Errors!$F:$F,Analysis!$AE51,Errors!$D:$D,Analysis!$AJ$2) -> 0 | AK22: =COUNTIFS(Errors!$F:$F,Analysis!$AE51,Errors!$D:$D,Analysis!$AK$2) -> 0 | AL22: =COUNTIFS(Errors!$F:$F,Analysis!$AE51,Errors!$D:$D,Analysis!$AL$2) -> 0 | AM22: =COUNTIFS(Errors!$F:$F,Analysis!$AE51,Errors!$D:$D,Analysis!$AM$2) -> 0 | AN22: =COUNTIFS(Errors!$F:$F,Analysis!$AE51,Errors!$D:$D,Analysis!$AN$2) -> 0 | AO22: =COUNTIFS(Errors!$F:$F,Analysis!$AE51,Errors!$D:$D,Analysis!$AO$2) -> 0 | AP22: =COUNTIFS(Errors!$F:$F,Analysis!$AE51,Errors!$D:$D,Analysis!$AP$2) -> 0 | AQ22: =COUNTIFS(Errors!$F:$F,Analysis!$AE51,Errors!$D:$D,Analysis!$AQ$2) -> 0 | AR22: =COUNTIFS(Errors!$F:$F,Analysis!$AE51,Errors!$D:$D,Analysis!$AR$2) -> 0 | AS22: =COUNTIFS(Errors!$F:$F,Analysis!$AE51,Errors!$D:$D,Analysis!$AS$2) -> 0 | AT22: =COUNTIFS(Errors!$F:$F,Analysis!$AE51,Errors!$D:$D,Analysis!$AT$2) -> 0 | AU22: =COUNTIFS(Errors!$F:$F,Analysis!$AE51,Errors!$D:$D,Analysis!$AU$2) -> 0 | AV22: =COUNTIFS(Errors!$F:$F,Analysis!$AE51,Errors!$D:$D,Analysis!$AV$2) -> 0 | AW22: =COUNTIFS(Errors!$F:$F,Analysis!$AE51,Errors!$D:$D,Analysis!$AW$2) -> 0 | AX22: =COUNTIFS(Errors!$F:$F,Analysis!$AE51,Errors!$D:$D,Analysis!$AX$2) -> 0 | AY22: =COUNTIFS(Errors!$F:$F,Analysis!$AE51,Errors!$D:$D,Analysis!$AY$2) -> 0 | AZ22: =COUNTIFS(Errors!$F:$F,Analysis!$AE51,Errors!$D:$D,Analysis!$AZ$2) -> 0 | BA22: =COUNTIFS(Errors!$F:$F,Analysis!$AE51,Errors!$D:$D,Analysis!$BA$2) -> 0 | BB22: =COUNTIFS(Errors!$F:$F,Analysis!$AE51,Errors!$D:$D,Analysis!$BB$2) -> 0 | BC22: =COUNTIFS(Errors!$F:$F,Analysis!$AE51,Errors!$D:$D,Analysis!$BC$2) -> 0 | BD22: =COUNTIFS(Errors!$F:$F,Analysis!$AE51,Errors!$D:$D,Analysis!$BD$2) -> 0 | BE22: =COUNTIFS(Errors!$F:$F,Analysis!$AE51,Errors!$D:$D,Analysis!$BE$2) -> 0 | BF22: =COUNTIFS(Errors!$F:$F,Analysis!$AE51,Errors!$D:$D,Analysis!$BF$2) -> 0 | BG22: =COUNTIFS(Errors!$F:$F,Analysis!$AE51,Errors!$D:$D,Analysis!$BG$2) -> 0 | BH22: =COUNTIFS(Errors!$F:$F,Analysis!$AE51,Errors!$D:$D,Analysis!$BH$2) -> 0 | BI22: =COUNTIFS(Errors!$F:$F,Analysis!$AE51,Errors!$D:$D,Analysis!$BI$2) -> 0 | BJ22: =COUNTIFS(Errors!$F:$F,Analysis!$AE51,Errors!$D:$D,Analysis!$BJ$2) -> 0 | BL22: =SUM(AF22:BJ22) -> 0 | BN22: =AVERAGE(AF22:BJ22) -> 0 | BO22: Roulette_E1 | BS22: Roulette_E1 | BT22: =COUNTIFS(Errors!$D:$D,Analysis!BT$1,Errors!$F:$F,Analysis!$BS22,Errors!$O:$O,"YES") -> 0 | BU22: =COUNTIFS(Errors!$D:$D,Analysis!BU$1,Errors!$F:$F,Analysis!$BS22,Errors!$O:$O,"YES") -> 0 | BV22: =COUNTIFS(Errors!$D:$D,Analysis!BV$1,Errors!$F:$F,Analysis!$BS22,Errors!$O:$O,"YES") -> 0 | BW22: =COUNTIFS(Errors!$D:$D,Analysis!BW$1,Errors!$F:$F,Analysis!$BS22,Errors!$O:$O,"YES") -> 0 | BX22: =COUNTIFS(Errors!$D:$D,Analysis!BX$1,Errors!$F:$F,Analysis!$BS22,Errors!$O:$O,"YES") -> 0 | BY22: =COUNTIFS(Errors!$D:$D,Analysis!BY$1,Errors!$F:$F,Analysis!$BS22,Errors!$O:$O,"YES") -> 0 | BZ22: =COUNTIFS(Errors!$D:$D,Analysis!BZ$1,Errors!$F:$F,Analysis!$BS22,Errors!$O:$O,"YES") -> 0 | CA22: =COUNTIFS(Errors!$D:$D,Analysis!CA$1,Errors!$F:$F,Analysis!$BS22,Errors!$O:$O,"YES") -> 0 | ... CX22: =COUNTIFS(Errors!$D:$D,Analysis!CX$1,Errors!$F:$F,Analysis!$BS22,Errors!$O:$O,"YES") -> 0 | CZ22: =SUM(BT22:CX22) -> 0 | DB22: =AVERAGE(BT22:CX22) -> 0 | DC22: Roulette_E1
H23: =COUNTIF(Errors!$F$3:$F$3008,$G23) -> 0 | I23: =COUNTIFS(Errors!$F$3:$F$3008,$G23,Errors!$I$3:$I$3008,"TV*") -> 0 | J23: =COUNTIFS(Errors!$F$3:$F$3008,$G23,Errors!$I$3:$I$3008,"<>TV*") -> 0 | K23: =COUNTIFS(Errors!$F$3:$F$3008,$G23,Errors!$Q$3:$Q$3008,"yes") -> 0 | N23: =COUNTIFS(Errors!$O$3:$O$3008,"Yes",Errors!$F$3:$F$3008,$M23)+COUNTIFS(Errors!$P$3:$P$3008,"Yes",Errors!$F$3:$F$3008,$M23) -> 0 | O23: =COUNTIFS(Errors!$O$3:$O$3008,"Yes",Errors!$F$3:$F$3008,$M23,Errors!$I$3:$I$3008,"TV*")+COUNTIFS(Errors!$P$3:$P$3008,"Yes",Errors!$F$3:$F$3008,$M23,Errors!$I$3:$I$3008,"TV*") -> 0 | P23: =COUNTIFS(Errors!$O$3:$O$3008,"Yes",Errors!$F$3:$F$3008,$M23,Errors!$I$3:$I$3008,"<>TV*")+COUNTIFS(Errors!$P$3:$P$3008,"Yes",Errors!$F$3:$F$3008,$M23,Errors!$I$3:$I$3008,"<>TV*") -> 0 | Q23: =COUNTIFS(Errors!$F$3:$F$3008,$M23,Errors!$O$3:$O$3008,"yes") -> 0 | R23: =COUNTIFS(Errors!$F$3:$F$3008,$M23,Errors!$P$3:$P$3008,"yes") -> 0 | AF23: =COUNTIFS(Errors!$F:$F,Analysis!$AE52,Errors!$D:$D,Analysis!$AF$2) -> 0 | AG23: =COUNTIFS(Errors!$F:$F,Analysis!$AE52,Errors!$D:$D,Analysis!$AG$2) -> 0 | AH23: =COUNTIFS(Errors!$F:$F,Analysis!$AE52,Errors!$D:$D,Analysis!$AH$2) -> 0 | AI23: =COUNTIFS(Errors!$F:$F,Analysis!$AE52,Errors!$D:$D,Analysis!$AI$2) -> 0 | AJ23: =COUNTIFS(Errors!$F:$F,Analysis!$AE52,Errors!$D:$D,Analysis!$AJ$2) -> 0 | AK23: =COUNTIFS(Errors!$F:$F,Analysis!$AE52,Errors!$D:$D,Analysis!$AK$2) -> 0 | AL23: =COUNTIFS(Errors!$F:$F,Analysis!$AE52,Errors!$D:$D,Analysis!$AL$2) -> 0 | AM23: =COUNTIFS(Errors!$F:$F,Analysis!$AE52,Errors!$D:$D,Analysis!$AM$2) -> 0 | AN23: =COUNTIFS(Errors!$F:$F,Analysis!$AE52,Errors!$D:$D,Analysis!$AN$2) -> 0 | AO23: =COUNTIFS(Errors!$F:$F,Analysis!$AE52,Errors!$D:$D,Analysis!$AO$2) -> 0 | AP23: =COUNTIFS(Errors!$F:$F,Analysis!$AE52,Errors!$D:$D,Analysis!$AP$2) -> 0 | AQ23: =COUNTIFS(Errors!$F:$F,Analysis!$AE52,Errors!$D:$D,Analysis!$AQ$2) -> 0 | AR23: =COUNTIFS(Errors!$F:$F,Analysis!$AE52,Errors!$D:$D,Analysis!$AR$2) -> 0 | AS23: =COUNTIFS(Errors!$F:$F,Analysis!$AE52,Errors!$D:$D,Analysis!$AS$2) -> 0 | AT23: =COUNTIFS(Errors!$F:$F,Analysis!$AE52,Errors!$D:$D,Analysis!$AT$2) -> 0 | AU23: =COUNTIFS(Errors!$F:$F,Analysis!$AE52,Errors!$D:$D,Analysis!$AU$2) -> 0 | AV23: =COUNTIFS(Errors!$F:$F,Analysis!$AE52,Errors!$D:$D,Analysis!$AV$2) -> 0 | AW23: =COUNTIFS(Errors!$F:$F,Analysis!$AE52,Errors!$D:$D,Analysis!$AW$2) -> 0 | AX23: =COUNTIFS(Errors!$F:$F,Analysis!$AE52,Errors!$D:$D,Analysis!$AX$2) -> 0 | AY23: =COUNTIFS(Errors!$F:$F,Analysis!$AE52,Errors!$D:$D,Analysis!$AY$2) -> 0 | AZ23: =COUNTIFS(Errors!$F:$F,Analysis!$AE52,Errors!$D:$D,Analysis!$AZ$2) -> 0 | BA23: =COUNTIFS(Errors!$F:$F,Analysis!$AE52,Errors!$D:$D,Analysis!$BA$2) -> 0 | BB23: =COUNTIFS(Errors!$F:$F,Analysis!$AE52,Errors!$D:$D,Analysis!$BB$2) -> 0 | BC23: =COUNTIFS(Errors!$F:$F,Analysis!$AE52,Errors!$D:$D,Analysis!$BC$2) -> 0 | BD23: =COUNTIFS(Errors!$F:$F,Analysis!$AE52,Errors!$D:$D,Analysis!$BD$2) -> 0 | BE23: =COUNTIFS(Errors!$F:$F,Analysis!$AE52,Errors!$D:$D,Analysis!$BE$2) -> 0 | BF23: =COUNTIFS(Errors!$F:$F,Analysis!$AE52,Errors!$D:$D,Analysis!$BF$2) -> 0 | BG23: =COUNTIFS(Errors!$F:$F,Analysis!$AE52,Errors!$D:$D,Analysis!$BG$2) -> 0 | BH23: =COUNTIFS(Errors!$F:$F,Analysis!$AE52,Errors!$D:$D,Analysis!$BH$2) -> 0 | BI23: =COUNTIFS(Errors!$F:$F,Analysis!$AE52,Errors!$D:$D,Analysis!$BI$2) -> 0 | BJ23: =COUNTIFS(Errors!$F:$F,Analysis!$AE52,Errors!$D:$D,Analysis!$BJ$2) -> 0 | BL23: =SUM(AF23:BJ23) -> 0 | BN23: =AVERAGE(AF23:BJ23) -> 0 | BO23: Roulette_E2 | BS23: Roulette_E2 | BT23: =COUNTIFS(Errors!$D:$D,Analysis!BT$1,Errors!$F:$F,Analysis!$BS23,Errors!$O:$O,"YES") -> 0 | BU23: =COUNTIFS(Errors!$D:$D,Analysis!BU$1,Errors!$F:$F,Analysis!$BS23,Errors!$O:$O,"YES") -> 0 | BV23: =COUNTIFS(Errors!$D:$D,Analysis!BV$1,Errors!$F:$F,Analysis!$BS23,Errors!$O:$O,"YES") -> 0 | BW23: =COUNTIFS(Errors!$D:$D,Analysis!BW$1,Errors!$F:$F,Analysis!$BS23,Errors!$O:$O,"YES") -> 0 | BX23: =COUNTIFS(Errors!$D:$D,Analysis!BX$1,Errors!$F:$F,Analysis!$BS23,Errors!$O:$O,"YES") -> 0 | BY23: =COUNTIFS(Errors!$D:$D,Analysis!BY$1,Errors!$F:$F,Analysis!$BS23,Errors!$O:$O,"YES") -> 0 | BZ23: =COUNTIFS(Errors!$D:$D,Analysis!BZ$1,Errors!$F:$F,Analysis!$BS23,Errors!$O:$O,"YES") -> 0 | CA23: =COUNTIFS(Errors!$D:$D,Analysis!CA$1,Errors!$F:$F,Analysis!$BS23,Errors!$O:$O,"YES") -> 0 | ... CX23: =COUNTIFS(Errors!$D:$D,Analysis!CX$1,Errors!$F:$F,Analysis!$BS23,Errors!$O:$O,"YES") -> 0 | CZ23: =SUM(BT23:CX23) -> 0 | DB23: =AVERAGE(BT23:CX23) -> 0 | DC23: Roulette_E2
H24: =COUNTIF(Errors!$F$3:$F$3008,$G24) -> 0 | I24: =COUNTIFS(Errors!$F$3:$F$3008,$G24,Errors!$I$3:$I$3008,"TV*") -> 0 | J24: =COUNTIFS(Errors!$F$3:$F$3008,$G24,Errors!$I$3:$I$3008,"<>TV*") -> 0 | K24: =COUNTIFS(Errors!$F$3:$F$3008,$G24,Errors!$Q$3:$Q$3008,"yes") -> 0 | N24: =COUNTIFS(Errors!$O$3:$O$3008,"Yes",Errors!$F$3:$F$3008,$M24)+COUNTIFS(Errors!$P$3:$P$3008,"Yes",Errors!$F$3:$F$3008,$M24) -> 0 | O24: =COUNTIFS(Errors!$O$3:$O$3008,"Yes",Errors!$F$3:$F$3008,$M24,Errors!$I$3:$I$3008,"TV*")+COUNTIFS(Errors!$P$3:$P$3008,"Yes",Errors!$F$3:$F$3008,$M24,Errors!$I$3:$I$3008,"TV*") -> 0 | P24: =COUNTIFS(Errors!$O$3:$O$3008,"Yes",Errors!$F$3:$F$3008,$M24,Errors!$I$3:$I$3008,"<>TV*")+COUNTIFS(Errors!$P$3:$P$3008,"Yes",Errors!$F$3:$F$3008,$M24,Errors!$I$3:$I$3008,"<>TV*") -> 0 | Q24: =COUNTIFS(Errors!$F$3:$F$3008,$M24,Errors!$O$3:$O$3008,"yes") -> 0 | R24: =COUNTIFS(Errors!$F$3:$F$3008,$M24,Errors!$P$3:$P$3008,"yes") -> 0 | AF24: =COUNTIFS(Errors!$F:$F,Analysis!$AE53,Errors!$D:$D,Analysis!$AF$2) -> 0 | AG24: =COUNTIFS(Errors!$F:$F,Analysis!$AE53,Errors!$D:$D,Analysis!$AG$2) -> 0 | AH24: =COUNTIFS(Errors!$F:$F,Analysis!$AE53,Errors!$D:$D,Analysis!$AH$2) -> 0 | AI24: =COUNTIFS(Errors!$F:$F,Analysis!$AE53,Errors!$D:$D,Analysis!$AI$2) -> 0 | AJ24: =COUNTIFS(Errors!$F:$F,Analysis!$AE53,Errors!$D:$D,Analysis!$AJ$2) -> 0 | AK24: =COUNTIFS(Errors!$F:$F,Analysis!$AE53,Errors!$D:$D,Analysis!$AK$2) -> 0 | AL24: =COUNTIFS(Errors!$F:$F,Analysis!$AE53,Errors!$D:$D,Analysis!$AL$2) -> 0 | AM24: =COUNTIFS(Errors!$F:$F,Analysis!$AE53,Errors!$D:$D,Analysis!$AM$2) -> 0 | AN24: =COUNTIFS(Errors!$F:$F,Analysis!$AE53,Errors!$D:$D,Analysis!$AN$2) -> 0 | AO24: =COUNTIFS(Errors!$F:$F,Analysis!$AE53,Errors!$D:$D,Analysis!$AO$2) -> 0 | AP24: =COUNTIFS(Errors!$F:$F,Analysis!$AE53,Errors!$D:$D,Analysis!$AP$2) -> 0 | AQ24: =COUNTIFS(Errors!$F:$F,Analysis!$AE53,Errors!$D:$D,Analysis!$AQ$2) -> 0 | AR24: =COUNTIFS(Errors!$F:$F,Analysis!$AE53,Errors!$D:$D,Analysis!$AR$2) -> 0 | AS24: =COUNTIFS(Errors!$F:$F,Analysis!$AE53,Errors!$D:$D,Analysis!$AS$2) -> 0 | AT24: =COUNTIFS(Errors!$F:$F,Analysis!$AE53,Errors!$D:$D,Analysis!$AT$2) -> 0 | AU24: =COUNTIFS(Errors!$F:$F,Analysis!$AE53,Errors!$D:$D,Analysis!$AU$2) -> 0 | AV24: =COUNTIFS(Errors!$F:$F,Analysis!$AE53,Errors!$D:$D,Analysis!$AV$2) -> 0 | AW24: =COUNTIFS(Errors!$F:$F,Analysis!$AE53,Errors!$D:$D,Analysis!$AW$2) -> 0 | AX24: =COUNTIFS(Errors!$F:$F,Analysis!$AE53,Errors!$D:$D,Analysis!$AX$2) -> 0 | AY24: =COUNTIFS(Errors!$F:$F,Analysis!$AE53,Errors!$D:$D,Analysis!$AY$2) -> 0 | AZ24: =COUNTIFS(Errors!$F:$F,Analysis!$AE53,Errors!$D:$D,Analysis!$AZ$2) -> 0 | BA24: =COUNTIFS(Errors!$F:$F,Analysis!$AE53,Errors!$D:$D,Analysis!$BA$2) -> 0 | BB24: =COUNTIFS(Errors!$F:$F,Analysis!$AE53,Errors!$D:$D,Analysis!$BB$2) -> 0 | BC24: =COUNTIFS(Errors!$F:$F,Analysis!$AE53,Errors!$D:$D,Analysis!$BC$2) -> 0 | BD24: =COUNTIFS(Errors!$F:$F,Analysis!$AE53,Errors!$D:$D,Analysis!$BD$2) -> 0 | BE24: =COUNTIFS(Errors!$F:$F,Analysis!$AE53,Errors!$D:$D,Analysis!$BE$2) -> 0 | BF24: =COUNTIFS(Errors!$F:$F,Analysis!$AE53,Errors!$D:$D,Analysis!$BF$2) -> 0 | BG24: =COUNTIFS(Errors!$F:$F,Analysis!$AE53,Errors!$D:$D,Analysis!$BG$2) -> 0 | BH24: =COUNTIFS(Errors!$F:$F,Analysis!$AE53,Errors!$D:$D,Analysis!$BH$2) -> 0 | BI24: =COUNTIFS(Errors!$F:$F,Analysis!$AE53,Errors!$D:$D,Analysis!$BI$2) -> 0 | BJ24: =COUNTIFS(Errors!$F:$F,Analysis!$AE53,Errors!$D:$D,Analysis!$BJ$2) -> 0 | BL24: =SUM(AF24:BJ24) -> 0 | BN24: =AVERAGE(AF24:BJ24) -> 0 | BO24: SicBo_E1 | BS24: SicBo_E1 | BT24: =COUNTIFS(Errors!$D:$D,Analysis!BT$1,Errors!$F:$F,Analysis!$BS24,Errors!$O:$O,"YES") -> 0 | BU24: =COUNTIFS(Errors!$D:$D,Analysis!BU$1,Errors!$F:$F,Analysis!$BS24,Errors!$O:$O,"YES") -> 0 | BV24: =COUNTIFS(Errors!$D:$D,Analysis!BV$1,Errors!$F:$F,Analysis!$BS24,Errors!$O:$O,"YES") -> 0 | BW24: =COUNTIFS(Errors!$D:$D,Analysis!BW$1,Errors!$F:$F,Analysis!$BS24,Errors!$O:$O,"YES") -> 0 | BX24: =COUNTIFS(Errors!$D:$D,Analysis!BX$1,Errors!$F:$F,Analysis!$BS24,Errors!$O:$O,"YES") -> 0 | BY24: =COUNTIFS(Errors!$D:$D,Analysis!BY$1,Errors!$F:$F,Analysis!$BS24,Errors!$O:$O,"YES") -> 0 | BZ24: =COUNTIFS(Errors!$D:$D,Analysis!BZ$1,Errors!$F:$F,Analysis!$BS24,Errors!$O:$O,"YES") -> 0 | CA24: =COUNTIFS(Errors!$D:$D,Analysis!CA$1,Errors!$F:$F,Analysis!$BS24,Errors!$O:$O,"YES") -> 0 | ... CX24: =COUNTIFS(Errors!$D:$D,Analysis!CX$1,Errors!$F:$F,Analysis!$BS24,Errors!$O:$O,"YES") -> 0 | CZ24: =SUM(BT24:CX24) -> 0 | DB24: =AVERAGE(BT24:CX24) -> 0 | DC24: SicBo_E1
G25: Total Errors | H25: =SUM($H3:$H24) -> 0 | I25: =SUM(I3:I24) -> 0 | J25: =SUM(J3:J24) -> 0 | K25: =SUM(K3:K24) -> 0 | M25: Total Voids | N25: =SUM(N3:N24) -> 0 | O25: =SUM(O3:O24) -> 0 | P25: =SUM(P3:P24) -> 0 | Q25: =SUM(Q3:Q24) -> 0 | R25: =SUM(R3:R24) -> 0 | AF25: =COUNTIFS(Errors!$F:$F,Analysis!$AE54,Errors!$D:$D,Analysis!$AF$2) -> 0 | AG25: =COUNTIFS(Errors!$F:$F,Analysis!$AE54,Errors!$D:$D,Analysis!$AG$2) -> 0 | AH25: =COUNTIFS(Errors!$F:$F,Analysis!$AE54,Errors!$D:$D,Analysis!$AH$2) -> 0 | AI25: =COUNTIFS(Errors!$F:$F,Analysis!$AE54,Errors!$D:$D,Analysis!$AI$2) -> 0 | AJ25: =COUNTIFS(Errors!$F:$F,Analysis!$AE54,Errors!$D:$D,Analysis!$AJ$2) -> 0 | AK25: =COUNTIFS(Errors!$F:$F,Analysis!$AE54,Errors!$D:$D,Analysis!$AK$2) -> 0 | AL25: =COUNTIFS(Errors!$F:$F,Analysis!$AE54,Errors!$D:$D,Analysis!$AL$2) -> 0 | AM25: =COUNTIFS(Errors!$F:$F,Analysis!$AE54,Errors!$D:$D,Analysis!$AM$2) -> 0 | AN25: =COUNTIFS(Errors!$F:$F,Analysis!$AE54,Errors!$D:$D,Analysis!$AN$2) -> 0 | AO25: =COUNTIFS(Errors!$F:$F,Analysis!$AE54,Errors!$D:$D,Analysis!$AO$2) -> 0 | AP25: =COUNTIFS(Errors!$F:$F,Analysis!$AE54,Errors!$D:$D,Analysis!$AP$2) -> 0 | AQ25: =COUNTIFS(Errors!$F:$F,Analysis!$AE54,Errors!$D:$D,Analysis!$AQ$2) -> 0 | AR25: =COUNTIFS(Errors!$F:$F,Analysis!$AE54,Errors!$D:$D,Analysis!$AR$2) -> 0 | AS25: =COUNTIFS(Errors!$F:$F,Analysis!$AE54,Errors!$D:$D,Analysis!$AS$2) -> 0 | AT25: =COUNTIFS(Errors!$F:$F,Analysis!$AE54,Errors!$D:$D,Analysis!$AT$2) -> 0 | AU25: =COUNTIFS(Errors!$F:$F,Analysis!$AE54,Errors!$D:$D,Analysis!$AU$2) -> 0 | AV25: =COUNTIFS(Errors!$F:$F,Analysis!$AE54,Errors!$D:$D,Analysis!$AV$2) -> 0 | AW25: =COUNTIFS(Errors!$F:$F,Analysis!$AE54,Errors!$D:$D,Analysis!$AW$2) -> 0 | AX25: =COUNTIFS(Errors!$F:$F,Analysis!$AE54,Errors!$D:$D,Analysis!$AX$2) -> 0 | AY25: =COUNTIFS(Errors!$F:$F,Analysis!$AE54,Errors!$D:$D,Analysis!$AY$2) -> 0 | AZ25: =COUNTIFS(Errors!$F:$F,Analysis!$AE54,Errors!$D:$D,Analysis!$AZ$2) -> 0 | BA25: =COUNTIFS(Errors!$F:$F,Analysis!$AE54,Errors!$D:$D,Analysis!$BA$2) -> 0 | BB25: =COUNTIFS(Errors!$F:$F,Analysis!$AE54,Errors!$D:$D,Analysis!$BB$2) -> 0 | BC25: =COUNTIFS(Errors!$F:$F,Analysis!$AE54,Errors!$D:$D,Analysis!$BC$2) -> 0 | BD25: =COUNTIFS(Errors!$F:$F,Analysis!$AE54,Errors!$D:$D,Analysis!$BD$2) -> 0 | BE25: =COUNTIFS(Errors!$F:$F,Analysis!$AE54,Errors!$D:$D,Analysis!$BE$2) -> 0 | BF25: =COUNTIFS(Errors!$F:$F,Analysis!$AE54,Errors!$D:$D,Analysis!$BF$2) -> 0 | BG25: =COUNTIFS(Errors!$F:$F,Analysis!$AE54,Errors!$D:$D,Analysis!$BG$2) -> 0 | BH25: =COUNTIFS(Errors!$F:$F,Analysis!$AE54,Errors!$D:$D,Analysis!$BH$2) -> 0 | BI25: =COUNTIFS(Errors!$F:$F,Analysis!$AE54,Errors!$D:$D,Analysis!$BI$2) -> 0 | BJ25: =COUNTIFS(Errors!$F:$F,Analysis!$AE54,Errors!$D:$D,Analysis!$BJ$2) -> 0 | BL25: =SUM(AF25:BJ25) -> 0 | BN25: =AVERAGE(AF25:BJ25) -> 0 | BT25: =COUNTIFS(Errors!$D:$D,Analysis!BT$1,Errors!$F:$F,Analysis!$BS25,Errors!$O:$O,"YES") -> 0 | BU25: =COUNTIFS(Errors!$D:$D,Analysis!BU$1,Errors!$F:$F,Analysis!$BS25,Errors!$O:$O,"YES") -> 0 | BV25: =COUNTIFS(Errors!$D:$D,Analysis!BV$1,Errors!$F:$F,Analysis!$BS25,Errors!$O:$O,"YES") -> 0 | BW25: =COUNTIFS(Errors!$D:$D,Analysis!BW$1,Errors!$F:$F,Analysis!$BS25,Errors!$O:$O,"YES") -> 0 | BX25: =COUNTIFS(Errors!$D:$D,Analysis!BX$1,Errors!$F:$F,Analysis!$BS25,Errors!$O:$O,"YES") -> 0 | BY25: =COUNTIFS(Errors!$D:$D,Analysis!BY$1,Errors!$F:$F,Analysis!$BS25,Errors!$O:$O,"YES") -> 0 | BZ25: =COUNTIFS(Errors!$D:$D,Analysis!BZ$1,Errors!$F:$F,Analysis!$BS25,Errors!$O:$O,"YES") -> 0 | CA25: =COUNTIFS(Errors!$D:$D,Analysis!CA$1,Errors!$F:$F,Analysis!$BS25,Errors!$O:$O,"YES") -> 0 | ... CX25: =COUNTIFS(Errors!$D:$D,Analysis!CX$1,Errors!$F:$F,Analysis!$BS25,Errors!$O:$O,"YES") -> 0 | CZ25: =SUM(BT25:CX25) -> 0 | DB25: =AVERAGE(BT25:CX25) -> 0
AE27: Total Daily Errors | AF27: =SUM(AF3:AF25) -> 0 | AG27: =SUM(AG3:AG25) -> 0 | AH27: =SUM(AH3:AH25) -> 0 | AI27: =SUM(AI3:AI25) -> 0 | AJ27: =SUM(AJ3:AJ25) -> 0 | AK27: =SUM(AK3:AK25) -> 0 | AL27: =SUM(AL3:AL25) -> 0 | AM27: =SUM(AM3:AM25) -> 0 | ... BJ27: =SUM(BJ3:BJ25) -> 0 | BL27: =SUM(AF27:BJ27) -> 0 | BN27: Ave. Tech. Errors/Day | BS27: Total Sys. Voids / Day | BT27: =SUM(BT3:BT25) -> 0 | BU27: =SUM(BU3:BU25) -> 0 | BV27: =SUM(BV3:BV25) -> 0 | BW27: =SUM(BW3:BW25) -> 0 | BX27: =SUM(BX3:BX25) -> 0 | BY27: =SUM(BY3:BY25) -> 0 | BZ27: =SUM(BZ3:BZ25) -> 0 | CA27: =SUM(CA3:CA25) -> 0 | ... CX27: =SUM(CX3:CX25) -> 0 | CZ27: =SUM(BT27:CX27) -> 0
B28: Errors by Game type | G28: Average Errors/Dealer/Game Type | M28: Voids by Game Type | AE28: Average Daily Errors | AF28: =AVERAGE(AF3:AF25) -> 0 | AG28: =AVERAGE(AG3:AG25) -> 0 | AH28: =AVERAGE(AH3:AH25) -> 0 | AI28: =AVERAGE(AI3:AI25) -> 0 | AJ28: =AVERAGE(AJ3:AJ25) -> 0 | AK28: =AVERAGE(AK3:AK25) -> 0 | AL28: =AVERAGE(AL3:AL25) -> 0 | AM28: =AVERAGE(AM3:AM25) -> 0 | ... BJ28: =AVERAGE(BJ3:BJ25) -> 0 | BO28: Table Code | BS28: Average Voids/ Day | BT28: =AVERAGE(BT3:BT25) -> 0 | BU28: =AVERAGE(BU3:BU25) -> 0 | BV28: =AVERAGE(BV3:BV25) -> 0 | BW28: =AVERAGE(BW3:BW25) -> 0 | BX28: =AVERAGE(BX3:BX25) -> 0 | BY28: =AVERAGE(BY3:BY25) -> 0 | BZ28: =AVERAGE(BZ3:BZ25) -> 0 | CA28: =AVERAGE(CA3:CA25) -> 0 | ... CX28: =AVERAGE(CX3:CX25) -> 0
B29: Game Type | C29: Total Errors | D29: No. Of Tech. Errors | E29: No. Of Human Errors. | G29: Game Type | H29: No. Of Errors | I29: Ave. Errors/Dealer | M29: Game Type | N29: Total Voids | O29: No. of Tech Voids | P29: No. of Hum Error Voids | Q29: System Voids | R29: Manual Voids | BL29: Tot.T.E. MTD | CZ29: Total Voids/Table/MTD | DB29: Ave. Voids/Table/Day | DC29: Table Code
B30: Baccarat | C30: =COUNTIF(Errors!$J$3:$J$3008,"Bacc") -> 111 | D30: =COUNTIFS(Errors!$J$3:$J$3008,"Bacc",Errors!$I$3:$I$3008,"TV*") -> 44 | E30: =COUNTIFS(Errors!$J$3:$J$3008,"Bacc",Errors!$I$3:$I$3008,"<>TV*") -> 67 | G30: Baccarat | H30: =COUNTIFS(Errors!$J$3:$J$3008,"Bacc",Errors!I3:I3008,"<>TV*") -> 67 | I30: =($H30/COUNTA(SourceData!$J:$J)) -> 0.47857143 | M30: Baccarat | N30: =COUNTIFS(Errors!$O$3:$O$3008,"Yes",Errors!$J$3:$J$3008,"Bacc")+COUNTIFS(Errors!$P$3:$P$3008,"Yes",Errors!$J$3:$J$3008,"Bacc") -> 13 | O30: =COUNTIFS(Errors!$O$3:$O$3008,"Yes",Errors!$I$3:$I$3008,"TV*",Errors!$J$3:$J$3008,"Bacc")+COUNTIFS(Errors!$P$3:$P$3008,"Yes",Errors!$I$3:$I$3008,"TV*",Errors!$J$3:$J$3008,"Bacc") -> 4 | P30: =$N$30-$O$30 -> 9 | Q30: =COUNTIFS(Errors!$J$3:$J$3008,"Bacc",Errors!$O$3:$O$3008,"Yes") -> 9 | R30: =COUNTIFS(Errors!$J$3:$J$3008,"Bacc",Errors!$P$3:$P$3008,"Yes") -> 4 | AF30: DAILY TECHNICAL ERRORS BREAKDOWN | BT30: DAILY MANUAL VOIDS
B31: Roulette | C31: =COUNTIF(Errors!$J$3:$J$3008,"Rou") -> 101 | D31: =COUNTIFS(Errors!$J$3:$J$3008,"Rou",Errors!$I$3:$I$3008,"TV*") -> 14 | E31: =COUNTIFS(Errors!$J$3:$J$3008,"Rou",Errors!$I$3:$I$3008,"<>TV*") -> 87 | G31: Roulette | H31: =COUNTIFS(Errors!$J$3:$J$3008,"Rou",Errors!$I$3:$I$3008,"<>TV*") -> 87 | I31: =($H31/COUNTA(SourceData!$J:$J)) -> 0.62142857 | M31: Roulette | N31: =COUNTIFS(Errors!$O$3:$O$3008,"Yes",Errors!$J$3:$J$3008,"Rou")+COUNTIFS(Errors!$P$3:$P$3008,"Yes",Errors!$J$3:$J$3008,"Rou") -> 89 | O31: =COUNTIFS(Errors!$O$3:$O$3008,"Yes",Errors!$I$3:$I$3008,"TV*",Errors!$J$3:$J$3008,"Rou")+COUNTIFS(Errors!$P$3:$P$3008,"Yes",Errors!$I$3:$I$3008,"TV*",Errors!$J$3:$J$3008,"ROu") -> 3 | P31: =N31-$O$31 -> 86 | Q31: =COUNTIFS(Errors!$J$3:$J$3008,"Rou",Errors!$O$3:$O$3008,"Yes") -> 80 | R31: =COUNTIFS(Errors!$J$3:$J$3008,"Rou",Errors!$P$3:$P$3008,"Yes") -> 9 | AE31: Table Code | BS31: Table Code
C32: =COUNTIF(Errors!$J$3:$J$3008,"Sic Bo") -> 0 | D32: =COUNTIFS(Errors!$J$3:$J$3008,"Sic Bo",Errors!$I$3:$I$3008,"TV*") -> 0 | E32: =COUNTIFS(Errors!$J$3:$J$3008,"Sic Bo",Errors!$I$3:$I$3008,"<>TV*") -> 0 | G32: Sic Bo | H32: =COUNTIFS(Errors!$J$3:$J$3008,"Sic Bo",Errors!$I$3:$I$3008,"<>TV*") -> 0 | I32: =($H32/COUNTA(SourceData!$J:$J)) -> 0 | M32: Sic Bo | N32: =COUNTIFS(Errors!$O$3:$O$3008,"Yes",Errors!$J$3:$J$3008,"Sic Bo")+COUNTIFS(Errors!$P$3:$P$3008,"Yes",Errors!$J$3:$J$3008,"Sic Bo") -> 0 | O32: =COUNTIFS(Errors!$O$3:$O$3008,"Yes",Errors!$I$3:$I$3008,"TV*",Errors!$J$3:$J$3008,"Sic Bo")+COUNTIFS(Errors!$P$3:$P$3008,"Yes",Errors!$I$3:$I$3008,"TV*",Errors!$J$3:$J$3008,"Sic Bo") -> 0 | P32: =N32-$O$32 -> 0 | Q32: =COUNTIFS(Errors!$J$3:$J$3008,"Sic Bo",Errors!$O$3:$O$3008,"Yes") -> 0 | R32: =COUNTIFS(Errors!$J$3:$J$3008,"Sic Bo",Errors!$P$3:$P$3008,"Yes") -> 0 | AF32: =COUNTIFS(Errors!$F:$F,Analysis!$AE32,Errors!$D:$D,Analysis!$AF$2,Errors!$I:$I,"TV*") -> 0 | AG32: =COUNTIFS(Errors!$F:$F,Analysis!$AE32,Errors!$D:$D,Analysis!$AG$2,Errors!$I:$I,"TV*") -> 0 | AH32: =COUNTIFS(Errors!$F:$F,Analysis!$AE32,Errors!$D:$D,Analysis!$AH$2,Errors!$I:$I,"TV*") -> 0 | AI32: =COUNTIFS(Errors!$F:$F,Analysis!$AE32,Errors!$D:$D,Analysis!$AI$2,Errors!$I:$I,"TV*") -> 0 | AJ32: =COUNTIFS(Errors!$F:$F,Analysis!$AE32,Errors!$D:$D,Analysis!$AJ$2,Errors!$I:$I,"TV*") -> 0 | AK32: =COUNTIFS(Errors!$F:$F,Analysis!$AE32,Errors!$D:$D,Analysis!$AK$2,Errors!$I:$I,"TV*") -> 0 | AL32: =COUNTIFS(Errors!$F:$F,Analysis!$AE32,Errors!$D:$D,Analysis!$AL$2,Errors!$I:$I,"TV*") -> 0 | AM32: =COUNTIFS(Errors!$F:$F,Analysis!$AE32,Errors!$D:$D,Analysis!$AM$2,Errors!$I:$I,"TV*") -> 0 | AN32: =COUNTIFS(Errors!$F:$F,Analysis!$AE32,Errors!$D:$D,Analysis!$AN$2,Errors!$I:$I,"TV*") -> 0 | AO32: =COUNTIFS(Errors!$F:$F,Analysis!$AE32,Errors!$D:$D,Analysis!$AO$2,Errors!$I:$I,"TV*") -> 0 | AP32: =COUNTIFS(Errors!$F:$F,Analysis!$AE32,Errors!$D:$D,Analysis!$AP$2,Errors!$I:$I,"TV*") -> 0 | AQ32: =COUNTIFS(Errors!$F:$F,Analysis!$AE32,Errors!$D:$D,Analysis!$AQ$2,Errors!$I:$I,"TV*") -> 0 | AR32: =COUNTIFS(Errors!$F:$F,Analysis!$AE32,Errors!$D:$D,Analysis!$AR$2,Errors!$I:$I,"TV*") -> 0 | AS32: =COUNTIFS(Errors!$F:$F,Analysis!$AE32,Errors!$D:$D,Analysis!$AS$2,Errors!$I:$I,"TV*") -> 0 | AT32: =COUNTIFS(Errors!$F:$F,Analysis!$AE32,Errors!$D:$D,Analysis!$AT$2,Errors!$I:$I,"TV*") -> 0 | AU32: =COUNTIFS(Errors!$F:$F,Analysis!$AE32,Errors!$D:$D,Analysis!$AU$2,Errors!$I:$I,"TV*") -> 0 | AV32: =COUNTIFS(Errors!$F:$F,Analysis!$AE32,Errors!$D:$D,Analysis!$AV$2,Errors!$I:$I,"TV*") -> 0 | AW32: =COUNTIFS(Errors!$F:$F,Analysis!$AE32,Errors!$D:$D,Analysis!$AW$2,Errors!$I:$I,"TV*") -> 0 | AX32: =COUNTIFS(Errors!$F:$F,Analysis!$AE32,Errors!$D:$D,Analysis!$AX$2,Errors!$I:$I,"TV*") -> 0 | AY32: =COUNTIFS(Errors!$F:$F,Analysis!$AE32,Errors!$D:$D,Analysis!$AY$2,Errors!$I:$I,"TV*") -> 0 | AZ32: =COUNTIFS(Errors!$F:$F,Analysis!$AE32,Errors!$D:$D,Analysis!$AZ$2,Errors!$I:$I,"TV*") -> 0 | BA32: =COUNTIFS(Errors!$F:$F,Analysis!$AE32,Errors!$D:$D,Analysis!$BA$2,Errors!$I:$I,"TV*") -> 0 | BB32: =COUNTIFS(Errors!$F:$F,Analysis!$AE32,Errors!$D:$D,Analysis!$BB$2,Errors!$I:$I,"TV*") -> 0 | BC32: =COUNTIFS(Errors!$F:$F,Analysis!$AE32,Errors!$D:$D,Analysis!$BC$2,Errors!$I:$I,"TV*") -> 0 | BD32: =COUNTIFS(Errors!$F:$F,Analysis!$AE32,Errors!$D:$D,Analysis!$BD$2,Errors!$I:$I,"TV*") -> 0 | BE32: =COUNTIFS(Errors!$F:$F,Analysis!$AE32,Errors!$D:$D,Analysis!$BE$2,Errors!$I:$I,"TV*") -> 0 | BF32: =COUNTIFS(Errors!$F:$F,Analysis!$AE32,Errors!$D:$D,Analysis!$BF$2,Errors!$I:$I,"TV*") -> 0 | BG32: =COUNTIFS(Errors!$F:$F,Analysis!$AE32,Errors!$D:$D,Analysis!$BG$2,Errors!$I:$I,"TV*") -> 0 | BH32: =COUNTIFS(Errors!$F:$F,Analysis!$AE32,Errors!$D:$D,Analysis!$BH$2,Errors!$I:$I,"TV*") -> 0 | BI32: =COUNTIFS(Errors!$F:$F,Analysis!$AE32,Errors!$D:$D,Analysis!$BI$2,Errors!$I:$I,"TV*") -> 0 | BJ32: =COUNTIFS(Errors!$F:$F,Analysis!$AE32,Errors!$D:$D,Analysis!$BJ$2,Errors!$I:$I,"TV*") -> 0 | BL32: =SUM(AF32:BJ32) -> 0 | BN32: =AVERAGE(AF32:BJ32) -> 0 | BO32: Baccarat_E1 | BS32: Baccarat_E1 | BT32: =COUNTIFS(Errors!$D:$D,Analysis!BT$1,Errors!$F:$F,Analysis!$BS32,Errors!$P:$P,"YES") -> 0 | BU32: =COUNTIFS(Errors!$D:$D,Analysis!BU$1,Errors!$F:$F,Analysis!$BS32,Errors!$P:$P,"YES") -> 0 | BV32: =COUNTIFS(Errors!$D:$D,Analysis!BV$1,Errors!$F:$F,Analysis!$BS32,Errors!$P:$P,"YES") -> 0 | BW32: =COUNTIFS(Errors!$D:$D,Analysis!BW$1,Errors!$F:$F,Analysis!$BS32,Errors!$P:$P,"YES") -> 0 | BX32: =COUNTIFS(Errors!$D:$D,Analysis!BX$1,Errors!$F:$F,Analysis!$BS32,Errors!$P:$P,"YES") -> 0 | BY32: =COUNTIFS(Errors!$D:$D,Analysis!BY$1,Errors!$F:$F,Analysis!$BS32,Errors!$P:$P,"YES") -> 0 | BZ32: =COUNTIFS(Errors!$D:$D,Analysis!BZ$1,Errors!$F:$F,Analysis!$BS32,Errors!$P:$P,"YES") -> 0 | CA32: =COUNTIFS(Errors!$D:$D,Analysis!CA$1,Errors!$F:$F,Analysis!$BS32,Errors!$P:$P,"YES") -> 0 | ... CX32: =COUNTIFS(Errors!$D:$D,Analysis!CX$1,Errors!$F:$F,Analysis!$BS32,Errors!$P:$P,"YES") -> 0 | CZ32: =SUM(BT32:CX32) -> 0 | DB32: =AVERAGE(BT32:CX32) -> 0 | DC32: Baccarat_E1
B33: Total Errors | C33: =SUM($C$30:$C$32) -> 212 | D33: =SUM($D$30:$D$32) -> 58 | E33: =SUM($E$30:$E$32) -> 154 | M33: Total Voids | N33: =SUM($N$30:$N$32) -> 102 | O33: =SUM($O$30:$O$32) -> 7 | P33: =SUM($P$30:$P$32) -> 95 | Q33: =SUM($Q$30:$Q$32) -> 89 | R33: =SUM($R$30:$R$32) -> 13 | AF33: =COUNTIFS(Errors!$F:$F,Analysis!$AE33,Errors!$D:$D,Analysis!$AF$2,Errors!$I:$I,"TV*") -> 0 | AG33: =COUNTIFS(Errors!$F:$F,Analysis!$AE33,Errors!$D:$D,Analysis!$AG$2,Errors!$I:$I,"TV*") -> 0 | AH33: =COUNTIFS(Errors!$F:$F,Analysis!$AE33,Errors!$D:$D,Analysis!$AH$2,Errors!$I:$I,"TV*") -> 0 | AI33: =COUNTIFS(Errors!$F:$F,Analysis!$AE33,Errors!$D:$D,Analysis!$AI$2,Errors!$I:$I,"TV*") -> 0 | AJ33: =COUNTIFS(Errors!$F:$F,Analysis!$AE33,Errors!$D:$D,Analysis!$AJ$2,Errors!$I:$I,"TV*") -> 0 | AK33: =COUNTIFS(Errors!$F:$F,Analysis!$AE33,Errors!$D:$D,Analysis!$AK$2,Errors!$I:$I,"TV*") -> 0 | AL33: =COUNTIFS(Errors!$F:$F,Analysis!$AE33,Errors!$D:$D,Analysis!$AL$2,Errors!$I:$I,"TV*") -> 0 | AM33: =COUNTIFS(Errors!$F:$F,Analysis!$AE33,Errors!$D:$D,Analysis!$AM$2,Errors!$I:$I,"TV*") -> 0 | AN33: =COUNTIFS(Errors!$F:$F,Analysis!$AE33,Errors!$D:$D,Analysis!$AN$2,Errors!$I:$I,"TV*") -> 0 | AO33: =COUNTIFS(Errors!$F:$F,Analysis!$AE33,Errors!$D:$D,Analysis!$AO$2,Errors!$I:$I,"TV*") -> 0 | AP33: =COUNTIFS(Errors!$F:$F,Analysis!$AE33,Errors!$D:$D,Analysis!$AP$2,Errors!$I:$I,"TV*") -> 0 | AQ33: =COUNTIFS(Errors!$F:$F,Analysis!$AE33,Errors!$D:$D,Analysis!$AQ$2,Errors!$I:$I,"TV*") -> 0 | AR33: =COUNTIFS(Errors!$F:$F,Analysis!$AE33,Errors!$D:$D,Analysis!$AR$2,Errors!$I:$I,"TV*") -> 0 | AS33: =COUNTIFS(Errors!$F:$F,Analysis!$AE33,Errors!$D:$D,Analysis!$AS$2,Errors!$I:$I,"TV*") -> 0 | AT33: =COUNTIFS(Errors!$F:$F,Analysis!$AE33,Errors!$D:$D,Analysis!$AT$2,Errors!$I:$I,"TV*") -> 0 | AU33: =COUNTIFS(Errors!$F:$F,Analysis!$AE33,Errors!$D:$D,Analysis!$AU$2,Errors!$I:$I,"TV*") -> 0 | AV33: =COUNTIFS(Errors!$F:$F,Analysis!$AE33,Errors!$D:$D,Analysis!$AV$2,Errors!$I:$I,"TV*") -> 0 | AW33: =COUNTIFS(Errors!$F:$F,Analysis!$AE33,Errors!$D:$D,Analysis!$AW$2,Errors!$I:$I,"TV*") -> 0 | AX33: =COUNTIFS(Errors!$F:$F,Analysis!$AE33,Errors!$D:$D,Analysis!$AX$2,Errors!$I:$I,"TV*") -> 0 | AY33: =COUNTIFS(Errors!$F:$F,Analysis!$AE33,Errors!$D:$D,Analysis!$AY$2,Errors!$I:$I,"TV*") -> 0 | AZ33: =COUNTIFS(Errors!$F:$F,Analysis!$AE33,Errors!$D:$D,Analysis!$AZ$2,Errors!$I:$I,"TV*") -> 0 | BA33: =COUNTIFS(Errors!$F:$F,Analysis!$AE33,Errors!$D:$D,Analysis!$BA$2,Errors!$I:$I,"TV*") -> 0 | BB33: =COUNTIFS(Errors!$F:$F,Analysis!$AE33,Errors!$D:$D,Analysis!$BB$2,Errors!$I:$I,"TV*") -> 0 | BC33: =COUNTIFS(Errors!$F:$F,Analysis!$AE33,Errors!$D:$D,Analysis!$BC$2,Errors!$I:$I,"TV*") -> 0 | BD33: =COUNTIFS(Errors!$F:$F,Analysis!$AE33,Errors!$D:$D,Analysis!$BD$2,Errors!$I:$I,"TV*") -> 0 | BE33: =COUNTIFS(Errors!$F:$F,Analysis!$AE33,Errors!$D:$D,Analysis!$BE$2,Errors!$I:$I,"TV*") -> 0 | BF33: =COUNTIFS(Errors!$F:$F,Analysis!$AE33,Errors!$D:$D,Analysis!$BF$2,Errors!$I:$I,"TV*") -> 0 | BG33: =COUNTIFS(Errors!$F:$F,Analysis!$AE33,Errors!$D:$D,Analysis!$BG$2,Errors!$I:$I,"TV*") -> 0 | BH33: =COUNTIFS(Errors!$F:$F,Analysis!$AE33,Errors!$D:$D,Analysis!$BH$2,Errors!$I:$I,"TV*") -> 0 | BI33: =COUNTIFS(Errors!$F:$F,Analysis!$AE33,Errors!$D:$D,Analysis!$BI$2,Errors!$I:$I,"TV*") -> 0 | BJ33: =COUNTIFS(Errors!$F:$F,Analysis!$AE33,Errors!$D:$D,Analysis!$BJ$2,Errors!$I:$I,"TV*") -> 0 | BL33: =SUM(AF33:BJ33) -> 0 | BN33: =AVERAGE(AF33:BJ33) -> 0 | BO33: Baccarat_E2 | BS33: Baccarat_E2 | BT33: =COUNTIFS(Errors!$D:$D,Analysis!BT$1,Errors!$F:$F,Analysis!$BS33,Errors!$P:$P,"YES") -> 0 | BU33: =COUNTIFS(Errors!$D:$D,Analysis!BU$1,Errors!$F:$F,Analysis!$BS33,Errors!$P:$P,"YES") -> 0 | BV33: =COUNTIFS(Errors!$D:$D,Analysis!BV$1,Errors!$F:$F,Analysis!$BS33,Errors!$P:$P,"YES") -> 0 | BW33: =COUNTIFS(Errors!$D:$D,Analysis!BW$1,Errors!$F:$F,Analysis!$BS33,Errors!$P:$P,"YES") -> 0 | BX33: =COUNTIFS(Errors!$D:$D,Analysis!BX$1,Errors!$F:$F,Analysis!$BS33,Errors!$P:$P,"YES") -> 0 | BY33: =COUNTIFS(Errors!$D:$D,Analysis!BY$1,Errors!$F:$F,Analysis!$BS33,Errors!$P:$P,"YES") -> 0 | BZ33: =COUNTIFS(Errors!$D:$D,Analysis!BZ$1,Errors!$F:$F,Analysis!$BS33,Errors!$P:$P,"YES") -> 0 | CA33: =COUNTIFS(Errors!$D:$D,Analysis!CA$1,Errors!$F:$F,Analysis!$BS33,Errors!$P:$P,"YES") -> 0 | ... CX33: =COUNTIFS(Errors!$D:$D,Analysis!CX$1,Errors!$F:$F,Analysis!$BS33,Errors!$P:$P,"YES") -> 0 | CZ33: =SUM(BT33:CX33) -> 0 | DB33: =AVERAGE(BT33:CX33) -> 0 | DC33: Baccarat_E2
AF34: =COUNTIFS(Errors!$F:$F,Analysis!$AE34,Errors!$D:$D,Analysis!$AF$2,Errors!$I:$I,"TV*") -> 0 | AG34: =COUNTIFS(Errors!$F:$F,Analysis!$AE34,Errors!$D:$D,Analysis!$AG$2,Errors!$I:$I,"TV*") -> 0 | AH34: =COUNTIFS(Errors!$F:$F,Analysis!$AE34,Errors!$D:$D,Analysis!$AH$2,Errors!$I:$I,"TV*") -> 0 | AI34: =COUNTIFS(Errors!$F:$F,Analysis!$AE34,Errors!$D:$D,Analysis!$AI$2,Errors!$I:$I,"TV*") -> 0 | AJ34: =COUNTIFS(Errors!$F:$F,Analysis!$AE34,Errors!$D:$D,Analysis!$AJ$2,Errors!$I:$I,"TV*") -> 0 | AK34: =COUNTIFS(Errors!$F:$F,Analysis!$AE34,Errors!$D:$D,Analysis!$AK$2,Errors!$I:$I,"TV*") -> 0 | AL34: =COUNTIFS(Errors!$F:$F,Analysis!$AE34,Errors!$D:$D,Analysis!$AL$2,Errors!$I:$I,"TV*") -> 0 | AM34: =COUNTIFS(Errors!$F:$F,Analysis!$AE34,Errors!$D:$D,Analysis!$AM$2,Errors!$I:$I,"TV*") -> 0 | AN34: =COUNTIFS(Errors!$F:$F,Analysis!$AE34,Errors!$D:$D,Analysis!$AN$2,Errors!$I:$I,"TV*") -> 0 | AO34: =COUNTIFS(Errors!$F:$F,Analysis!$AE34,Errors!$D:$D,Analysis!$AO$2,Errors!$I:$I,"TV*") -> 0 | AP34: =COUNTIFS(Errors!$F:$F,Analysis!$AE34,Errors!$D:$D,Analysis!$AP$2,Errors!$I:$I,"TV*") -> 0 | AQ34: =COUNTIFS(Errors!$F:$F,Analysis!$AE34,Errors!$D:$D,Analysis!$AQ$2,Errors!$I:$I,"TV*") -> 0 | AR34: =COUNTIFS(Errors!$F:$F,Analysis!$AE34,Errors!$D:$D,Analysis!$AR$2,Errors!$I:$I,"TV*") -> 0 | AS34: =COUNTIFS(Errors!$F:$F,Analysis!$AE34,Errors!$D:$D,Analysis!$AS$2,Errors!$I:$I,"TV*") -> 0 | AT34: =COUNTIFS(Errors!$F:$F,Analysis!$AE34,Errors!$D:$D,Analysis!$AT$2,Errors!$I:$I,"TV*") -> 0 | AU34: =COUNTIFS(Errors!$F:$F,Analysis!$AE34,Errors!$D:$D,Analysis!$AU$2,Errors!$I:$I,"TV*") -> 0 | AV34: =COUNTIFS(Errors!$F:$F,Analysis!$AE34,Errors!$D:$D,Analysis!$AV$2,Errors!$I:$I,"TV*") -> 0 | AW34: =COUNTIFS(Errors!$F:$F,Analysis!$AE34,Errors!$D:$D,Analysis!$AW$2,Errors!$I:$I,"TV*") -> 0 | AX34: =COUNTIFS(Errors!$F:$F,Analysis!$AE34,Errors!$D:$D,Analysis!$AX$2,Errors!$I:$I,"TV*") -> 0 | AY34: =COUNTIFS(Errors!$F:$F,Analysis!$AE34,Errors!$D:$D,Analysis!$AY$2,Errors!$I:$I,"TV*") -> 0 | AZ34: =COUNTIFS(Errors!$F:$F,Analysis!$AE34,Errors!$D:$D,Analysis!$AZ$2,Errors!$I:$I,"TV*") -> 0 | BA34: =COUNTIFS(Errors!$F:$F,Analysis!$AE34,Errors!$D:$D,Analysis!$BA$2,Errors!$I:$I,"TV*") -> 0 | BB34: =COUNTIFS(Errors!$F:$F,Analysis!$AE34,Errors!$D:$D,Analysis!$BB$2,Errors!$I:$I,"TV*") -> 0 | BC34: =COUNTIFS(Errors!$F:$F,Analysis!$AE34,Errors!$D:$D,Analysis!$BC$2,Errors!$I:$I,"TV*") -> 0 | BD34: =COUNTIFS(Errors!$F:$F,Analysis!$AE34,Errors!$D:$D,Analysis!$BD$2,Errors!$I:$I,"TV*") -> 0 | BE34: =COUNTIFS(Errors!$F:$F,Analysis!$AE34,Errors!$D:$D,Analysis!$BE$2,Errors!$I:$I,"TV*") -> 0 | BF34: =COUNTIFS(Errors!$F:$F,Analysis!$AE34,Errors!$D:$D,Analysis!$BF$2,Errors!$I:$I,"TV*") -> 0 | BG34: =COUNTIFS(Errors!$F:$F,Analysis!$AE34,Errors!$D:$D,Analysis!$BG$2,Errors!$I:$I,"TV*") -> 0 | BH34: =COUNTIFS(Errors!$F:$F,Analysis!$AE34,Errors!$D:$D,Analysis!$BH$2,Errors!$I:$I,"TV*") -> 0 | BI34: =COUNTIFS(Errors!$F:$F,Analysis!$AE34,Errors!$D:$D,Analysis!$BI$2,Errors!$I:$I,"TV*") -> 0 | BJ34: =COUNTIFS(Errors!$F:$F,Analysis!$AE34,Errors!$D:$D,Analysis!$BJ$2,Errors!$I:$I,"TV*") -> 0 | BL34: =SUM(AF34:BJ34) -> 0 | BN34: =AVERAGE(AF34:BJ34) -> 0 | BO34: Baccarat_E3 | BS34: Baccarat_E3 | BT34: =COUNTIFS(Errors!$D:$D,Analysis!BT$1,Errors!$F:$F,Analysis!$BS34,Errors!$P:$P,"YES") -> 0 | BU34: =COUNTIFS(Errors!$D:$D,Analysis!BU$1,Errors!$F:$F,Analysis!$BS34,Errors!$P:$P,"YES") -> 0 | BV34: =COUNTIFS(Errors!$D:$D,Analysis!BV$1,Errors!$F:$F,Analysis!$BS34,Errors!$P:$P,"YES") -> 0 | BW34: =COUNTIFS(Errors!$D:$D,Analysis!BW$1,Errors!$F:$F,Analysis!$BS34,Errors!$P:$P,"YES") -> 0 | BX34: =COUNTIFS(Errors!$D:$D,Analysis!BX$1,Errors!$F:$F,Analysis!$BS34,Errors!$P:$P,"YES") -> 0 | BY34: =COUNTIFS(Errors!$D:$D,Analysis!BY$1,Errors!$F:$F,Analysis!$BS34,Errors!$P:$P,"YES") -> 0 | BZ34: =COUNTIFS(Errors!$D:$D,Analysis!BZ$1,Errors!$F:$F,Analysis!$BS34,Errors!$P:$P,"YES") -> 0 | CA34: =COUNTIFS(Errors!$D:$D,Analysis!CA$1,Errors!$F:$F,Analysis!$BS34,Errors!$P:$P,"YES") -> 0 | ... CX34: =COUNTIFS(Errors!$D:$D,Analysis!CX$1,Errors!$F:$F,Analysis!$BS34,Errors!$P:$P,"YES") -> 0 | CZ34: =SUM(BT34:CX34) -> 0 | DB34: =AVERAGE(BT34:CX34) -> 0 | DC34: Baccarat_E3
AF35: =COUNTIFS(Errors!$F:$F,Analysis!$AE35,Errors!$D:$D,Analysis!$AF$2,Errors!$I:$I,"TV*") -> 0 | AG35: =COUNTIFS(Errors!$F:$F,Analysis!$AE35,Errors!$D:$D,Analysis!$AG$2,Errors!$I:$I,"TV*") -> 0 | AH35: =COUNTIFS(Errors!$F:$F,Analysis!$AE35,Errors!$D:$D,Analysis!$AH$2,Errors!$I:$I,"TV*") -> 0 | AI35: =COUNTIFS(Errors!$F:$F,Analysis!$AE35,Errors!$D:$D,Analysis!$AI$2,Errors!$I:$I,"TV*") -> 0 | AJ35: =COUNTIFS(Errors!$F:$F,Analysis!$AE35,Errors!$D:$D,Analysis!$AJ$2,Errors!$I:$I,"TV*") -> 0 | AK35: =COUNTIFS(Errors!$F:$F,Analysis!$AE35,Errors!$D:$D,Analysis!$AK$2,Errors!$I:$I,"TV*") -> 0 | AL35: =COUNTIFS(Errors!$F:$F,Analysis!$AE35,Errors!$D:$D,Analysis!$AL$2,Errors!$I:$I,"TV*") -> 0 | AM35: =COUNTIFS(Errors!$F:$F,Analysis!$AE35,Errors!$D:$D,Analysis!$AM$2,Errors!$I:$I,"TV*") -> 0 | AN35: =COUNTIFS(Errors!$F:$F,Analysis!$AE35,Errors!$D:$D,Analysis!$AN$2,Errors!$I:$I,"TV*") -> 0 | AO35: =COUNTIFS(Errors!$F:$F,Analysis!$AE35,Errors!$D:$D,Analysis!$AO$2,Errors!$I:$I,"TV*") -> 0 | AP35: =COUNTIFS(Errors!$F:$F,Analysis!$AE35,Errors!$D:$D,Analysis!$AP$2,Errors!$I:$I,"TV*") -> 0 | AQ35: =COUNTIFS(Errors!$F:$F,Analysis!$AE35,Errors!$D:$D,Analysis!$AQ$2,Errors!$I:$I,"TV*") -> 0 | AR35: =COUNTIFS(Errors!$F:$F,Analysis!$AE35,Errors!$D:$D,Analysis!$AR$2,Errors!$I:$I,"TV*") -> 0 | AS35: =COUNTIFS(Errors!$F:$F,Analysis!$AE35,Errors!$D:$D,Analysis!$AS$2,Errors!$I:$I,"TV*") -> 0 | AT35: =COUNTIFS(Errors!$F:$F,Analysis!$AE35,Errors!$D:$D,Analysis!$AT$2,Errors!$I:$I,"TV*") -> 0 | AU35: =COUNTIFS(Errors!$F:$F,Analysis!$AE35,Errors!$D:$D,Analysis!$AU$2,Errors!$I:$I,"TV*") -> 0 | AV35: =COUNTIFS(Errors!$F:$F,Analysis!$AE35,Errors!$D:$D,Analysis!$AV$2,Errors!$I:$I,"TV*") -> 0 | AW35: =COUNTIFS(Errors!$F:$F,Analysis!$AE35,Errors!$D:$D,Analysis!$AW$2,Errors!$I:$I,"TV*") -> 0 | AX35: =COUNTIFS(Errors!$F:$F,Analysis!$AE35,Errors!$D:$D,Analysis!$AX$2,Errors!$I:$I,"TV*") -> 0 | AY35: =COUNTIFS(Errors!$F:$F,Analysis!$AE35,Errors!$D:$D,Analysis!$AY$2,Errors!$I:$I,"TV*") -> 0 | AZ35: =COUNTIFS(Errors!$F:$F,Analysis!$AE35,Errors!$D:$D,Analysis!$AZ$2,Errors!$I:$I,"TV*") -> 0 | BA35: =COUNTIFS(Errors!$F:$F,Analysis!$AE35,Errors!$D:$D,Analysis!$BA$2,Errors!$I:$I,"TV*") -> 0 | BB35: =COUNTIFS(Errors!$F:$F,Analysis!$AE35,Errors!$D:$D,Analysis!$BB$2,Errors!$I:$I,"TV*") -> 0 | BC35: =COUNTIFS(Errors!$F:$F,Analysis!$AE35,Errors!$D:$D,Analysis!$BC$2,Errors!$I:$I,"TV*") -> 0 | BD35: =COUNTIFS(Errors!$F:$F,Analysis!$AE35,Errors!$D:$D,Analysis!$BD$2,Errors!$I:$I,"TV*") -> 0 | BE35: =COUNTIFS(Errors!$F:$F,Analysis!$AE35,Errors!$D:$D,Analysis!$BE$2,Errors!$I:$I,"TV*") -> 0 | BF35: =COUNTIFS(Errors!$F:$F,Analysis!$AE35,Errors!$D:$D,Analysis!$BF$2,Errors!$I:$I,"TV*") -> 0 | BG35: =COUNTIFS(Errors!$F:$F,Analysis!$AE35,Errors!$D:$D,Analysis!$BG$2,Errors!$I:$I,"TV*") -> 0 | BH35: =COUNTIFS(Errors!$F:$F,Analysis!$AE35,Errors!$D:$D,Analysis!$BH$2,Errors!$I:$I,"TV*") -> 0 | BI35: =COUNTIFS(Errors!$F:$F,Analysis!$AE35,Errors!$D:$D,Analysis!$BI$2,Errors!$I:$I,"TV*") -> 0 | BJ35: =COUNTIFS(Errors!$F:$F,Analysis!$AE35,Errors!$D:$D,Analysis!$BJ$2,Errors!$I:$I,"TV*") -> 0 | BL35: =SUM(AF35:BJ35) -> 0 | BN35: =AVERAGE(AF35:BJ35) -> 0 | BO35: Baccarat_E4 | BS35: Baccarat_E4 | BT35: =COUNTIFS(Errors!$D:$D,Analysis!BT$1,Errors!$F:$F,Analysis!$BS35,Errors!$P:$P,"YES") -> 0 | BU35: =COUNTIFS(Errors!$D:$D,Analysis!BU$1,Errors!$F:$F,Analysis!$BS35,Errors!$P:$P,"YES") -> 0 | BV35: =COUNTIFS(Errors!$D:$D,Analysis!BV$1,Errors!$F:$F,Analysis!$BS35,Errors!$P:$P,"YES") -> 0 | BW35: =COUNTIFS(Errors!$D:$D,Analysis!BW$1,Errors!$F:$F,Analysis!$BS35,Errors!$P:$P,"YES") -> 0 | BX35: =COUNTIFS(Errors!$D:$D,Analysis!BX$1,Errors!$F:$F,Analysis!$BS35,Errors!$P:$P,"YES") -> 0 | BY35: =COUNTIFS(Errors!$D:$D,Analysis!BY$1,Errors!$F:$F,Analysis!$BS35,Errors!$P:$P,"YES") -> 0 | BZ35: =COUNTIFS(Errors!$D:$D,Analysis!BZ$1,Errors!$F:$F,Analysis!$BS35,Errors!$P:$P,"YES") -> 0 | CA35: =COUNTIFS(Errors!$D:$D,Analysis!CA$1,Errors!$F:$F,Analysis!$BS35,Errors!$P:$P,"YES") -> 0 | ... CX35: =COUNTIFS(Errors!$D:$D,Analysis!CX$1,Errors!$F:$F,Analysis!$BS35,Errors!$P:$P,"YES") -> 0 | CZ35: =SUM(BT35:CX35) -> 0 | DB35: =AVERAGE(BT35:CX35) -> 0 | DC35: Baccarat_E4
AF36: =COUNTIFS(Errors!$F:$F,Analysis!$AE36,Errors!$D:$D,Analysis!$AF$2,Errors!$I:$I,"TV*") -> 0 | AG36: =COUNTIFS(Errors!$F:$F,Analysis!$AE36,Errors!$D:$D,Analysis!$AG$2,Errors!$I:$I,"TV*") -> 0 | AH36: =COUNTIFS(Errors!$F:$F,Analysis!$AE36,Errors!$D:$D,Analysis!$AH$2,Errors!$I:$I,"TV*") -> 0 | AI36: =COUNTIFS(Errors!$F:$F,Analysis!$AE36,Errors!$D:$D,Analysis!$AI$2,Errors!$I:$I,"TV*") -> 0 | AJ36: =COUNTIFS(Errors!$F:$F,Analysis!$AE36,Errors!$D:$D,Analysis!$AJ$2,Errors!$I:$I,"TV*") -> 0 | AK36: =COUNTIFS(Errors!$F:$F,Analysis!$AE36,Errors!$D:$D,Analysis!$AK$2,Errors!$I:$I,"TV*") -> 0 | AL36: =COUNTIFS(Errors!$F:$F,Analysis!$AE36,Errors!$D:$D,Analysis!$AL$2,Errors!$I:$I,"TV*") -> 0 | AM36: =COUNTIFS(Errors!$F:$F,Analysis!$AE36,Errors!$D:$D,Analysis!$AM$2,Errors!$I:$I,"TV*") -> 0 | AN36: =COUNTIFS(Errors!$F:$F,Analysis!$AE36,Errors!$D:$D,Analysis!$AN$2,Errors!$I:$I,"TV*") -> 0 | AO36: =COUNTIFS(Errors!$F:$F,Analysis!$AE36,Errors!$D:$D,Analysis!$AO$2,Errors!$I:$I,"TV*") -> 0 | AP36: =COUNTIFS(Errors!$F:$F,Analysis!$AE36,Errors!$D:$D,Analysis!$AP$2,Errors!$I:$I,"TV*") -> 0 | AQ36: =COUNTIFS(Errors!$F:$F,Analysis!$AE36,Errors!$D:$D,Analysis!$AQ$2,Errors!$I:$I,"TV*") -> 0 | AR36: =COUNTIFS(Errors!$F:$F,Analysis!$AE36,Errors!$D:$D,Analysis!$AR$2,Errors!$I:$I,"TV*") -> 0 | AS36: =COUNTIFS(Errors!$F:$F,Analysis!$AE36,Errors!$D:$D,Analysis!$AS$2,Errors!$I:$I,"TV*") -> 0 | AT36: =COUNTIFS(Errors!$F:$F,Analysis!$AE36,Errors!$D:$D,Analysis!$AT$2,Errors!$I:$I,"TV*") -> 0 | AU36: =COUNTIFS(Errors!$F:$F,Analysis!$AE36,Errors!$D:$D,Analysis!$AU$2,Errors!$I:$I,"TV*") -> 0 | AV36: =COUNTIFS(Errors!$F:$F,Analysis!$AE36,Errors!$D:$D,Analysis!$AV$2,Errors!$I:$I,"TV*") -> 0 | AW36: =COUNTIFS(Errors!$F:$F,Analysis!$AE36,Errors!$D:$D,Analysis!$AW$2,Errors!$I:$I,"TV*") -> 0 | AX36: =COUNTIFS(Errors!$F:$F,Analysis!$AE36,Errors!$D:$D,Analysis!$AX$2,Errors!$I:$I,"TV*") -> 0 | AY36: =COUNTIFS(Errors!$F:$F,Analysis!$AE36,Errors!$D:$D,Analysis!$AY$2,Errors!$I:$I,"TV*") -> 0 | AZ36: =COUNTIFS(Errors!$F:$F,Analysis!$AE36,Errors!$D:$D,Analysis!$AZ$2,Errors!$I:$I,"TV*") -> 0 | BA36: =COUNTIFS(Errors!$F:$F,Analysis!$AE36,Errors!$D:$D,Analysis!$BA$2,Errors!$I:$I,"TV*") -> 0 | BB36: =COUNTIFS(Errors!$F:$F,Analysis!$AE36,Errors!$D:$D,Analysis!$BB$2,Errors!$I:$I,"TV*") -> 0 | BC36: =COUNTIFS(Errors!$F:$F,Analysis!$AE36,Errors!$D:$D,Analysis!$BC$2,Errors!$I:$I,"TV*") -> 0 | BD36: =COUNTIFS(Errors!$F:$F,Analysis!$AE36,Errors!$D:$D,Analysis!$BD$2,Errors!$I:$I,"TV*") -> 0 | BE36: =COUNTIFS(Errors!$F:$F,Analysis!$AE36,Errors!$D:$D,Analysis!$BE$2,Errors!$I:$I,"TV*") -> 0 | BF36: =COUNTIFS(Errors!$F:$F,Analysis!$AE36,Errors!$D:$D,Analysis!$BF$2,Errors!$I:$I,"TV*") -> 0 | BG36: =COUNTIFS(Errors!$F:$F,Analysis!$AE36,Errors!$D:$D,Analysis!$BG$2,Errors!$I:$I,"TV*") -> 0 | BH36: =COUNTIFS(Errors!$F:$F,Analysis!$AE36,Errors!$D:$D,Analysis!$BH$2,Errors!$I:$I,"TV*") -> 0 | BI36: =COUNTIFS(Errors!$F:$F,Analysis!$AE36,Errors!$D:$D,Analysis!$BI$2,Errors!$I:$I,"TV*") -> 0 | BJ36: =COUNTIFS(Errors!$F:$F,Analysis!$AE36,Errors!$D:$D,Analysis!$BJ$2,Errors!$I:$I,"TV*") -> 0 | BL36: =SUM(AF36:BJ36) -> 0 | BN36: =AVERAGE(AF36:BJ36) -> 0 | BO36: Baccarat_E5 | BS36: Baccarat_E5 | BT36: =COUNTIFS(Errors!$D:$D,Analysis!BT$1,Errors!$F:$F,Analysis!$BS36,Errors!$P:$P,"YES") -> 0 | BU36: =COUNTIFS(Errors!$D:$D,Analysis!BU$1,Errors!$F:$F,Analysis!$BS36,Errors!$P:$P,"YES") -> 0 | BV36: =COUNTIFS(Errors!$D:$D,Analysis!BV$1,Errors!$F:$F,Analysis!$BS36,Errors!$P:$P,"YES") -> 0 | BW36: =COUNTIFS(Errors!$D:$D,Analysis!BW$1,Errors!$F:$F,Analysis!$BS36,Errors!$P:$P,"YES") -> 0 | BX36: =COUNTIFS(Errors!$D:$D,Analysis!BX$1,Errors!$F:$F,Analysis!$BS36,Errors!$P:$P,"YES") -> 0 | BY36: =COUNTIFS(Errors!$D:$D,Analysis!BY$1,Errors!$F:$F,Analysis!$BS36,Errors!$P:$P,"YES") -> 0 | BZ36: =COUNTIFS(Errors!$D:$D,Analysis!BZ$1,Errors!$F:$F,Analysis!$BS36,Errors!$P:$P,"YES") -> 0 | CA36: =COUNTIFS(Errors!$D:$D,Analysis!CA$1,Errors!$F:$F,Analysis!$BS36,Errors!$P:$P,"YES") -> 0 | ... CX36: =COUNTIFS(Errors!$D:$D,Analysis!CX$1,Errors!$F:$F,Analysis!$BS36,Errors!$P:$P,"YES") -> 0 | CZ36: =SUM(BT36:CX36) -> 0 | DB36: =AVERAGE(BT36:CX36) -> 0 | DC36: Baccarat_E5
B37: Human Errors Baccarat | I37: Human Errors Roulette | AF37: =COUNTIFS(Errors!$F:$F,Analysis!$AE37,Errors!$D:$D,Analysis!$AF$2,Errors!$I:$I,"TV*") -> 0 | AG37: =COUNTIFS(Errors!$F:$F,Analysis!$AE37,Errors!$D:$D,Analysis!$AG$2,Errors!$I:$I,"TV*") -> 0 | AH37: =COUNTIFS(Errors!$F:$F,Analysis!$AE37,Errors!$D:$D,Analysis!$AH$2,Errors!$I:$I,"TV*") -> 0 | AI37: =COUNTIFS(Errors!$F:$F,Analysis!$AE37,Errors!$D:$D,Analysis!$AI$2,Errors!$I:$I,"TV*") -> 0 | AJ37: =COUNTIFS(Errors!$F:$F,Analysis!$AE37,Errors!$D:$D,Analysis!$AJ$2,Errors!$I:$I,"TV*") -> 0 | AK37: =COUNTIFS(Errors!$F:$F,Analysis!$AE37,Errors!$D:$D,Analysis!$AK$2,Errors!$I:$I,"TV*") -> 0 | AL37: =COUNTIFS(Errors!$F:$F,Analysis!$AE37,Errors!$D:$D,Analysis!$AL$2,Errors!$I:$I,"TV*") -> 0 | AM37: =COUNTIFS(Errors!$F:$F,Analysis!$AE37,Errors!$D:$D,Analysis!$AM$2,Errors!$I:$I,"TV*") -> 0 | AN37: =COUNTIFS(Errors!$F:$F,Analysis!$AE37,Errors!$D:$D,Analysis!$AN$2,Errors!$I:$I,"TV*") -> 0 | AO37: =COUNTIFS(Errors!$F:$F,Analysis!$AE37,Errors!$D:$D,Analysis!$AO$2,Errors!$I:$I,"TV*") -> 0 | AP37: =COUNTIFS(Errors!$F:$F,Analysis!$AE37,Errors!$D:$D,Analysis!$AP$2,Errors!$I:$I,"TV*") -> 0 | AQ37: =COUNTIFS(Errors!$F:$F,Analysis!$AE37,Errors!$D:$D,Analysis!$AQ$2,Errors!$I:$I,"TV*") -> 0 | AR37: =COUNTIFS(Errors!$F:$F,Analysis!$AE37,Errors!$D:$D,Analysis!$AR$2,Errors!$I:$I,"TV*") -> 0 | AS37: =COUNTIFS(Errors!$F:$F,Analysis!$AE37,Errors!$D:$D,Analysis!$AS$2,Errors!$I:$I,"TV*") -> 0 | AT37: =COUNTIFS(Errors!$F:$F,Analysis!$AE37,Errors!$D:$D,Analysis!$AT$2,Errors!$I:$I,"TV*") -> 0 | AU37: =COUNTIFS(Errors!$F:$F,Analysis!$AE37,Errors!$D:$D,Analysis!$AU$2,Errors!$I:$I,"TV*") -> 0 | AV37: =COUNTIFS(Errors!$F:$F,Analysis!$AE37,Errors!$D:$D,Analysis!$AV$2,Errors!$I:$I,"TV*") -> 0 | AW37: =COUNTIFS(Errors!$F:$F,Analysis!$AE37,Errors!$D:$D,Analysis!$AW$2,Errors!$I:$I,"TV*") -> 0 | AX37: =COUNTIFS(Errors!$F:$F,Analysis!$AE37,Errors!$D:$D,Analysis!$AX$2,Errors!$I:$I,"TV*") -> 0 | AY37: =COUNTIFS(Errors!$F:$F,Analysis!$AE37,Errors!$D:$D,Analysis!$AY$2,Errors!$I:$I,"TV*") -> 0 | AZ37: =COUNTIFS(Errors!$F:$F,Analysis!$AE37,Errors!$D:$D,Analysis!$AZ$2,Errors!$I:$I,"TV*") -> 0 | BA37: =COUNTIFS(Errors!$F:$F,Analysis!$AE37,Errors!$D:$D,Analysis!$BA$2,Errors!$I:$I,"TV*") -> 0 | BB37: =COUNTIFS(Errors!$F:$F,Analysis!$AE37,Errors!$D:$D,Analysis!$BB$2,Errors!$I:$I,"TV*") -> 0 | BC37: =COUNTIFS(Errors!$F:$F,Analysis!$AE37,Errors!$D:$D,Analysis!$BC$2,Errors!$I:$I,"TV*") -> 0 | BD37: =COUNTIFS(Errors!$F:$F,Analysis!$AE37,Errors!$D:$D,Analysis!$BD$2,Errors!$I:$I,"TV*") -> 0 | BE37: =COUNTIFS(Errors!$F:$F,Analysis!$AE37,Errors!$D:$D,Analysis!$BE$2,Errors!$I:$I,"TV*") -> 0 | BF37: =COUNTIFS(Errors!$F:$F,Analysis!$AE37,Errors!$D:$D,Analysis!$BF$2,Errors!$I:$I,"TV*") -> 0 | BG37: =COUNTIFS(Errors!$F:$F,Analysis!$AE37,Errors!$D:$D,Analysis!$BG$2,Errors!$I:$I,"TV*") -> 0 | BH37: =COUNTIFS(Errors!$F:$F,Analysis!$AE37,Errors!$D:$D,Analysis!$BH$2,Errors!$I:$I,"TV*") -> 0 | BI37: =COUNTIFS(Errors!$F:$F,Analysis!$AE37,Errors!$D:$D,Analysis!$BI$2,Errors!$I:$I,"TV*") -> 0 | BJ37: =COUNTIFS(Errors!$F:$F,Analysis!$AE37,Errors!$D:$D,Analysis!$BJ$2,Errors!$I:$I,"TV*") -> 0 | BL37: =SUM(AF37:BJ37) -> 0 | BN37: =AVERAGE(AF37:BJ37) -> 0 | BO37: Baccarat_E6 | BS37: Baccarat_E6 | BT37: =COUNTIFS(Errors!$D:$D,Analysis!BT$1,Errors!$F:$F,Analysis!$BS37,Errors!$P:$P,"YES") -> 0 | BU37: =COUNTIFS(Errors!$D:$D,Analysis!BU$1,Errors!$F:$F,Analysis!$BS37,Errors!$P:$P,"YES") -> 0 | BV37: =COUNTIFS(Errors!$D:$D,Analysis!BV$1,Errors!$F:$F,Analysis!$BS37,Errors!$P:$P,"YES") -> 0 | BW37: =COUNTIFS(Errors!$D:$D,Analysis!BW$1,Errors!$F:$F,Analysis!$BS37,Errors!$P:$P,"YES") -> 0 | BX37: =COUNTIFS(Errors!$D:$D,Analysis!BX$1,Errors!$F:$F,Analysis!$BS37,Errors!$P:$P,"YES") -> 0 | BY37: =COUNTIFS(Errors!$D:$D,Analysis!BY$1,Errors!$F:$F,Analysis!$BS37,Errors!$P:$P,"YES") -> 0 | BZ37: =COUNTIFS(Errors!$D:$D,Analysis!BZ$1,Errors!$F:$F,Analysis!$BS37,Errors!$P:$P,"YES") -> 0 | CA37: =COUNTIFS(Errors!$D:$D,Analysis!CA$1,Errors!$F:$F,Analysis!$BS37,Errors!$P:$P,"YES") -> 0 | ... CX37: =COUNTIFS(Errors!$D:$D,Analysis!CX$1,Errors!$F:$F,Analysis!$BS37,Errors!$P:$P,"YES") -> 0 | CZ37: =SUM(BT37:CX37) -> 0 | DB37: =AVERAGE(BT37:CX37) -> 0 | DC37: Baccarat_E6
AF38: =COUNTIFS(Errors!$F:$F,Analysis!$AE38,Errors!$D:$D,Analysis!$AF$2,Errors!$I:$I,"TV*") -> 0 | AG38: =COUNTIFS(Errors!$F:$F,Analysis!$AE38,Errors!$D:$D,Analysis!$AG$2,Errors!$I:$I,"TV*") -> 0 | AH38: =COUNTIFS(Errors!$F:$F,Analysis!$AE38,Errors!$D:$D,Analysis!$AH$2,Errors!$I:$I,"TV*") -> 0 | AI38: =COUNTIFS(Errors!$F:$F,Analysis!$AE38,Errors!$D:$D,Analysis!$AI$2,Errors!$I:$I,"TV*") -> 0 | AJ38: =COUNTIFS(Errors!$F:$F,Analysis!$AE38,Errors!$D:$D,Analysis!$AJ$2,Errors!$I:$I,"TV*") -> 0 | AK38: =COUNTIFS(Errors!$F:$F,Analysis!$AE38,Errors!$D:$D,Analysis!$AK$2,Errors!$I:$I,"TV*") -> 0 | AL38: =COUNTIFS(Errors!$F:$F,Analysis!$AE38,Errors!$D:$D,Analysis!$AL$2,Errors!$I:$I,"TV*") -> 0 | AM38: =COUNTIFS(Errors!$F:$F,Analysis!$AE38,Errors!$D:$D,Analysis!$AM$2,Errors!$I:$I,"TV*") -> 0 | AN38: =COUNTIFS(Errors!$F:$F,Analysis!$AE38,Errors!$D:$D,Analysis!$AN$2,Errors!$I:$I,"TV*") -> 0 | AO38: =COUNTIFS(Errors!$F:$F,Analysis!$AE38,Errors!$D:$D,Analysis!$AO$2,Errors!$I:$I,"TV*") -> 0 | AP38: =COUNTIFS(Errors!$F:$F,Analysis!$AE38,Errors!$D:$D,Analysis!$AP$2,Errors!$I:$I,"TV*") -> 0 | AQ38: =COUNTIFS(Errors!$F:$F,Analysis!$AE38,Errors!$D:$D,Analysis!$AQ$2,Errors!$I:$I,"TV*") -> 0 | AR38: =COUNTIFS(Errors!$F:$F,Analysis!$AE38,Errors!$D:$D,Analysis!$AR$2,Errors!$I:$I,"TV*") -> 0 | AS38: =COUNTIFS(Errors!$F:$F,Analysis!$AE38,Errors!$D:$D,Analysis!$AS$2,Errors!$I:$I,"TV*") -> 0 | AT38: =COUNTIFS(Errors!$F:$F,Analysis!$AE38,Errors!$D:$D,Analysis!$AT$2,Errors!$I:$I,"TV*") -> 0 | AU38: =COUNTIFS(Errors!$F:$F,Analysis!$AE38,Errors!$D:$D,Analysis!$AU$2,Errors!$I:$I,"TV*") -> 0 | AV38: =COUNTIFS(Errors!$F:$F,Analysis!$AE38,Errors!$D:$D,Analysis!$AV$2,Errors!$I:$I,"TV*") -> 0 | AW38: =COUNTIFS(Errors!$F:$F,Analysis!$AE38,Errors!$D:$D,Analysis!$AW$2,Errors!$I:$I,"TV*") -> 0 | AX38: =COUNTIFS(Errors!$F:$F,Analysis!$AE38,Errors!$D:$D,Analysis!$AX$2,Errors!$I:$I,"TV*") -> 0 | AY38: =COUNTIFS(Errors!$F:$F,Analysis!$AE38,Errors!$D:$D,Analysis!$AY$2,Errors!$I:$I,"TV*") -> 0 | AZ38: =COUNTIFS(Errors!$F:$F,Analysis!$AE38,Errors!$D:$D,Analysis!$AZ$2,Errors!$I:$I,"TV*") -> 0 | BA38: =COUNTIFS(Errors!$F:$F,Analysis!$AE38,Errors!$D:$D,Analysis!$BA$2,Errors!$I:$I,"TV*") -> 0 | BB38: =COUNTIFS(Errors!$F:$F,Analysis!$AE38,Errors!$D:$D,Analysis!$BB$2,Errors!$I:$I,"TV*") -> 0 | BC38: =COUNTIFS(Errors!$F:$F,Analysis!$AE38,Errors!$D:$D,Analysis!$BC$2,Errors!$I:$I,"TV*") -> 0 | BD38: =COUNTIFS(Errors!$F:$F,Analysis!$AE38,Errors!$D:$D,Analysis!$BD$2,Errors!$I:$I,"TV*") -> 0 | BE38: =COUNTIFS(Errors!$F:$F,Analysis!$AE38,Errors!$D:$D,Analysis!$BE$2,Errors!$I:$I,"TV*") -> 0 | BF38: =COUNTIFS(Errors!$F:$F,Analysis!$AE38,Errors!$D:$D,Analysis!$BF$2,Errors!$I:$I,"TV*") -> 0 | BG38: =COUNTIFS(Errors!$F:$F,Analysis!$AE38,Errors!$D:$D,Analysis!$BG$2,Errors!$I:$I,"TV*") -> 0 | BH38: =COUNTIFS(Errors!$F:$F,Analysis!$AE38,Errors!$D:$D,Analysis!$BH$2,Errors!$I:$I,"TV*") -> 0 | BI38: =COUNTIFS(Errors!$F:$F,Analysis!$AE38,Errors!$D:$D,Analysis!$BI$2,Errors!$I:$I,"TV*") -> 0 | BJ38: =COUNTIFS(Errors!$F:$F,Analysis!$AE38,Errors!$D:$D,Analysis!$BJ$2,Errors!$I:$I,"TV*") -> 0 | BL38: =SUM(AF38:BJ38) -> 0 | BN38: =AVERAGE(AF38:BJ38) -> 0 | BO38: Baccarat_E7 | BS38: Baccarat_E7 | BT38: =COUNTIFS(Errors!$D:$D,Analysis!BT$1,Errors!$F:$F,Analysis!$BS38,Errors!$P:$P,"YES") -> 0 | BU38: =COUNTIFS(Errors!$D:$D,Analysis!BU$1,Errors!$F:$F,Analysis!$BS38,Errors!$P:$P,"YES") -> 0 | BV38: =COUNTIFS(Errors!$D:$D,Analysis!BV$1,Errors!$F:$F,Analysis!$BS38,Errors!$P:$P,"YES") -> 0 | BW38: =COUNTIFS(Errors!$D:$D,Analysis!BW$1,Errors!$F:$F,Analysis!$BS38,Errors!$P:$P,"YES") -> 0 | BX38: =COUNTIFS(Errors!$D:$D,Analysis!BX$1,Errors!$F:$F,Analysis!$BS38,Errors!$P:$P,"YES") -> 0 | BY38: =COUNTIFS(Errors!$D:$D,Analysis!BY$1,Errors!$F:$F,Analysis!$BS38,Errors!$P:$P,"YES") -> 0 | BZ38: =COUNTIFS(Errors!$D:$D,Analysis!BZ$1,Errors!$F:$F,Analysis!$BS38,Errors!$P:$P,"YES") -> 0 | CA38: =COUNTIFS(Errors!$D:$D,Analysis!CA$1,Errors!$F:$F,Analysis!$BS38,Errors!$P:$P,"YES") -> 0 | ... CX38: =COUNTIFS(Errors!$D:$D,Analysis!CX$1,Errors!$F:$F,Analysis!$BS38,Errors!$P:$P,"YES") -> 0 | CZ38: =SUM(BT38:CX38) -> 0 | DB38: =AVERAGE(BT38:CX38) -> 0 | DC38: Baccarat_E7
B39: Error Code | C39: Description | I39: # of Errors | K39: Error Code | L39: Description | R39: # of Errors | AF39: =COUNTIFS(Errors!$F:$F,Analysis!$AE39,Errors!$D:$D,Analysis!$AF$2,Errors!$I:$I,"TV*") -> 0 | AG39: =COUNTIFS(Errors!$F:$F,Analysis!$AE39,Errors!$D:$D,Analysis!$AG$2,Errors!$I:$I,"TV*") -> 0 | AH39: =COUNTIFS(Errors!$F:$F,Analysis!$AE39,Errors!$D:$D,Analysis!$AH$2,Errors!$I:$I,"TV*") -> 0 | AI39: =COUNTIFS(Errors!$F:$F,Analysis!$AE39,Errors!$D:$D,Analysis!$AI$2,Errors!$I:$I,"TV*") -> 0 | AJ39: =COUNTIFS(Errors!$F:$F,Analysis!$AE39,Errors!$D:$D,Analysis!$AJ$2,Errors!$I:$I,"TV*") -> 0 | AK39: =COUNTIFS(Errors!$F:$F,Analysis!$AE39,Errors!$D:$D,Analysis!$AK$2,Errors!$I:$I,"TV*") -> 0 | AL39: =COUNTIFS(Errors!$F:$F,Analysis!$AE39,Errors!$D:$D,Analysis!$AL$2,Errors!$I:$I,"TV*") -> 0 | AM39: =COUNTIFS(Errors!$F:$F,Analysis!$AE39,Errors!$D:$D,Analysis!$AM$2,Errors!$I:$I,"TV*") -> 0 | AN39: =COUNTIFS(Errors!$F:$F,Analysis!$AE39,Errors!$D:$D,Analysis!$AN$2,Errors!$I:$I,"TV*") -> 0 | AO39: =COUNTIFS(Errors!$F:$F,Analysis!$AE39,Errors!$D:$D,Analysis!$AO$2,Errors!$I:$I,"TV*") -> 0 | AP39: =COUNTIFS(Errors!$F:$F,Analysis!$AE39,Errors!$D:$D,Analysis!$AP$2,Errors!$I:$I,"TV*") -> 0 | AQ39: =COUNTIFS(Errors!$F:$F,Analysis!$AE39,Errors!$D:$D,Analysis!$AQ$2,Errors!$I:$I,"TV*") -> 0 | AR39: =COUNTIFS(Errors!$F:$F,Analysis!$AE39,Errors!$D:$D,Analysis!$AR$2,Errors!$I:$I,"TV*") -> 0 | AS39: =COUNTIFS(Errors!$F:$F,Analysis!$AE39,Errors!$D:$D,Analysis!$AS$2,Errors!$I:$I,"TV*") -> 0 | AT39: =COUNTIFS(Errors!$F:$F,Analysis!$AE39,Errors!$D:$D,Analysis!$AT$2,Errors!$I:$I,"TV*") -> 0 | AU39: =COUNTIFS(Errors!$F:$F,Analysis!$AE39,Errors!$D:$D,Analysis!$AU$2,Errors!$I:$I,"TV*") -> 0 | AV39: =COUNTIFS(Errors!$F:$F,Analysis!$AE39,Errors!$D:$D,Analysis!$AV$2,Errors!$I:$I,"TV*") -> 0 | AW39: =COUNTIFS(Errors!$F:$F,Analysis!$AE39,Errors!$D:$D,Analysis!$AW$2,Errors!$I:$I,"TV*") -> 0 | AX39: =COUNTIFS(Errors!$F:$F,Analysis!$AE39,Errors!$D:$D,Analysis!$AX$2,Errors!$I:$I,"TV*") -> 0 | AY39: =COUNTIFS(Errors!$F:$F,Analysis!$AE39,Errors!$D:$D,Analysis!$AY$2,Errors!$I:$I,"TV*") -> 0 | AZ39: =COUNTIFS(Errors!$F:$F,Analysis!$AE39,Errors!$D:$D,Analysis!$AZ$2,Errors!$I:$I,"TV*") -> 0 | BA39: =COUNTIFS(Errors!$F:$F,Analysis!$AE39,Errors!$D:$D,Analysis!$BA$2,Errors!$I:$I,"TV*") -> 0 | BB39: =COUNTIFS(Errors!$F:$F,Analysis!$AE39,Errors!$D:$D,Analysis!$BB$2,Errors!$I:$I,"TV*") -> 0 | BC39: =COUNTIFS(Errors!$F:$F,Analysis!$AE39,Errors!$D:$D,Analysis!$BC$2,Errors!$I:$I,"TV*") -> 0 | BD39: =COUNTIFS(Errors!$F:$F,Analysis!$AE39,Errors!$D:$D,Analysis!$BD$2,Errors!$I:$I,"TV*") -> 0 | BE39: =COUNTIFS(Errors!$F:$F,Analysis!$AE39,Errors!$D:$D,Analysis!$BE$2,Errors!$I:$I,"TV*") -> 0 | BF39: =COUNTIFS(Errors!$F:$F,Analysis!$AE39,Errors!$D:$D,Analysis!$BF$2,Errors!$I:$I,"TV*") -> 0 | BG39: =COUNTIFS(Errors!$F:$F,Analysis!$AE39,Errors!$D:$D,Analysis!$BG$2,Errors!$I:$I,"TV*") -> 0 | BH39: =COUNTIFS(Errors!$F:$F,Analysis!$AE39,Errors!$D:$D,Analysis!$BH$2,Errors!$I:$I,"TV*") -> 0 | BI39: =COUNTIFS(Errors!$F:$F,Analysis!$AE39,Errors!$D:$D,Analysis!$BI$2,Errors!$I:$I,"TV*") -> 0 | BJ39: =COUNTIFS(Errors!$F:$F,Analysis!$AE39,Errors!$D:$D,Analysis!$BJ$2,Errors!$I:$I,"TV*") -> 0 | BL39: =SUM(AF39:BJ39) -> 0 | BN39: =AVERAGE(AF39:BJ39) -> 0 | BO39: Baccarat_E8 | BS39: Baccarat_E8 | BT39: =COUNTIFS(Errors!$D:$D,Analysis!BT$1,Errors!$F:$F,Analysis!$BS39,Errors!$P:$P,"YES") -> 0 | BU39: =COUNTIFS(Errors!$D:$D,Analysis!BU$1,Errors!$F:$F,Analysis!$BS39,Errors!$P:$P,"YES") -> 0 | BV39: =COUNTIFS(Errors!$D:$D,Analysis!BV$1,Errors!$F:$F,Analysis!$BS39,Errors!$P:$P,"YES") -> 0 | BW39: =COUNTIFS(Errors!$D:$D,Analysis!BW$1,Errors!$F:$F,Analysis!$BS39,Errors!$P:$P,"YES") -> 0 | BX39: =COUNTIFS(Errors!$D:$D,Analysis!BX$1,Errors!$F:$F,Analysis!$BS39,Errors!$P:$P,"YES") -> 0 | BY39: =COUNTIFS(Errors!$D:$D,Analysis!BY$1,Errors!$F:$F,Analysis!$BS39,Errors!$P:$P,"YES") -> 0 | BZ39: =COUNTIFS(Errors!$D:$D,Analysis!BZ$1,Errors!$F:$F,Analysis!$BS39,Errors!$P:$P,"YES") -> 0 | CA39: =COUNTIFS(Errors!$D:$D,Analysis!CA$1,Errors!$F:$F,Analysis!$BS39,Errors!$P:$P,"YES") -> 0 | ... CX39: =COUNTIFS(Errors!$D:$D,Analysis!CX$1,Errors!$F:$F,Analysis!$BS39,Errors!$P:$P,"YES") -> 0 | CZ39: =SUM(BT39:CX39) -> 0 | DB39: =AVERAGE(BT39:CX39) -> 0 | DC39: Baccarat_E8
B40: B001 | C40: Dealer exposed a card during betting time | I40: =COUNTIF(Errors!$I$3:$I$3008,$B40) -> 5 | K40: R01 | L40: Ball did not make 4 revolutions | R40: =COUNTIF(Errors!$I$3:$I$3008,$K40) -> 15 | AF40: =COUNTIFS(Errors!$F:$F,Analysis!$AE40,Errors!$D:$D,Analysis!$AF$2,Errors!$I:$I,"TV*") -> 0 | AG40: =COUNTIFS(Errors!$F:$F,Analysis!$AE40,Errors!$D:$D,Analysis!$AG$2,Errors!$I:$I,"TV*") -> 0 | AH40: =COUNTIFS(Errors!$F:$F,Analysis!$AE40,Errors!$D:$D,Analysis!$AH$2,Errors!$I:$I,"TV*") -> 0 | AI40: =COUNTIFS(Errors!$F:$F,Analysis!$AE40,Errors!$D:$D,Analysis!$AI$2,Errors!$I:$I,"TV*") -> 0 | AJ40: =COUNTIFS(Errors!$F:$F,Analysis!$AE40,Errors!$D:$D,Analysis!$AJ$2,Errors!$I:$I,"TV*") -> 0 | AK40: =COUNTIFS(Errors!$F:$F,Analysis!$AE40,Errors!$D:$D,Analysis!$AK$2,Errors!$I:$I,"TV*") -> 0 | AL40: =COUNTIFS(Errors!$F:$F,Analysis!$AE40,Errors!$D:$D,Analysis!$AL$2,Errors!$I:$I,"TV*") -> 0 | AM40: =COUNTIFS(Errors!$F:$F,Analysis!$AE40,Errors!$D:$D,Analysis!$AM$2,Errors!$I:$I,"TV*") -> 0 | AN40: =COUNTIFS(Errors!$F:$F,Analysis!$AE40,Errors!$D:$D,Analysis!$AN$2,Errors!$I:$I,"TV*") -> 0 | AO40: =COUNTIFS(Errors!$F:$F,Analysis!$AE40,Errors!$D:$D,Analysis!$AO$2,Errors!$I:$I,"TV*") -> 0 | AP40: =COUNTIFS(Errors!$F:$F,Analysis!$AE40,Errors!$D:$D,Analysis!$AP$2,Errors!$I:$I,"TV*") -> 0 | AQ40: =COUNTIFS(Errors!$F:$F,Analysis!$AE40,Errors!$D:$D,Analysis!$AQ$2,Errors!$I:$I,"TV*") -> 0 | AR40: =COUNTIFS(Errors!$F:$F,Analysis!$AE40,Errors!$D:$D,Analysis!$AR$2,Errors!$I:$I,"TV*") -> 0 | AS40: =COUNTIFS(Errors!$F:$F,Analysis!$AE40,Errors!$D:$D,Analysis!$AS$2,Errors!$I:$I,"TV*") -> 0 | AT40: =COUNTIFS(Errors!$F:$F,Analysis!$AE40,Errors!$D:$D,Analysis!$AT$2,Errors!$I:$I,"TV*") -> 0 | AU40: =COUNTIFS(Errors!$F:$F,Analysis!$AE40,Errors!$D:$D,Analysis!$AU$2,Errors!$I:$I,"TV*") -> 0 | AV40: =COUNTIFS(Errors!$F:$F,Analysis!$AE40,Errors!$D:$D,Analysis!$AV$2,Errors!$I:$I,"TV*") -> 0 | AW40: =COUNTIFS(Errors!$F:$F,Analysis!$AE40,Errors!$D:$D,Analysis!$AW$2,Errors!$I:$I,"TV*") -> 0 | AX40: =COUNTIFS(Errors!$F:$F,Analysis!$AE40,Errors!$D:$D,Analysis!$AX$2,Errors!$I:$I,"TV*") -> 0 | AY40: =COUNTIFS(Errors!$F:$F,Analysis!$AE40,Errors!$D:$D,Analysis!$AY$2,Errors!$I:$I,"TV*") -> 0 | AZ40: =COUNTIFS(Errors!$F:$F,Analysis!$AE40,Errors!$D:$D,Analysis!$AZ$2,Errors!$I:$I,"TV*") -> 0 | BA40: =COUNTIFS(Errors!$F:$F,Analysis!$AE40,Errors!$D:$D,Analysis!$BA$2,Errors!$I:$I,"TV*") -> 0 | BB40: =COUNTIFS(Errors!$F:$F,Analysis!$AE40,Errors!$D:$D,Analysis!$BB$2,Errors!$I:$I,"TV*") -> 0 | BC40: =COUNTIFS(Errors!$F:$F,Analysis!$AE40,Errors!$D:$D,Analysis!$BC$2,Errors!$I:$I,"TV*") -> 0 | BD40: =COUNTIFS(Errors!$F:$F,Analysis!$AE40,Errors!$D:$D,Analysis!$BD$2,Errors!$I:$I,"TV*") -> 0 | BE40: =COUNTIFS(Errors!$F:$F,Analysis!$AE40,Errors!$D:$D,Analysis!$BE$2,Errors!$I:$I,"TV*") -> 0 | BF40: =COUNTIFS(Errors!$F:$F,Analysis!$AE40,Errors!$D:$D,Analysis!$BF$2,Errors!$I:$I,"TV*") -> 0 | BG40: =COUNTIFS(Errors!$F:$F,Analysis!$AE40,Errors!$D:$D,Analysis!$BG$2,Errors!$I:$I,"TV*") -> 0 | BH40: =COUNTIFS(Errors!$F:$F,Analysis!$AE40,Errors!$D:$D,Analysis!$BH$2,Errors!$I:$I,"TV*") -> 0 | BI40: =COUNTIFS(Errors!$F:$F,Analysis!$AE40,Errors!$D:$D,Analysis!$BI$2,Errors!$I:$I,"TV*") -> 0 | BJ40: =COUNTIFS(Errors!$F:$F,Analysis!$AE40,Errors!$D:$D,Analysis!$BJ$2,Errors!$I:$I,"TV*") -> 0 | BL40: =SUM(AF40:BJ40) -> 0 | BN40: =AVERAGE(AF40:BJ40) -> 0 | BO40: Baccarat_E9 | BS40: Baccarat_E9 | BT40: =COUNTIFS(Errors!$D:$D,Analysis!BT$1,Errors!$F:$F,Analysis!$BS40,Errors!$P:$P,"YES") -> 0 | BU40: =COUNTIFS(Errors!$D:$D,Analysis!BU$1,Errors!$F:$F,Analysis!$BS40,Errors!$P:$P,"YES") -> 0 | BV40: =COUNTIFS(Errors!$D:$D,Analysis!BV$1,Errors!$F:$F,Analysis!$BS40,Errors!$P:$P,"YES") -> 0 | BW40: =COUNTIFS(Errors!$D:$D,Analysis!BW$1,Errors!$F:$F,Analysis!$BS40,Errors!$P:$P,"YES") -> 0 | BX40: =COUNTIFS(Errors!$D:$D,Analysis!BX$1,Errors!$F:$F,Analysis!$BS40,Errors!$P:$P,"YES") -> 0 | BY40: =COUNTIFS(Errors!$D:$D,Analysis!BY$1,Errors!$F:$F,Analysis!$BS40,Errors!$P:$P,"YES") -> 0 | BZ40: =COUNTIFS(Errors!$D:$D,Analysis!BZ$1,Errors!$F:$F,Analysis!$BS40,Errors!$P:$P,"YES") -> 0 | CA40: =COUNTIFS(Errors!$D:$D,Analysis!CA$1,Errors!$F:$F,Analysis!$BS40,Errors!$P:$P,"YES") -> 0 | ... CX40: =COUNTIFS(Errors!$D:$D,Analysis!CX$1,Errors!$F:$F,Analysis!$BS40,Errors!$P:$P,"YES") -> 0 | CZ40: =SUM(BT40:CX40) -> 0 | DB40: =AVERAGE(BT40:CX40) -> 0 | DC40: Baccarat_E9
B41: B002 | C41: Extra card at the end of the game (exposed) | I41: =COUNTIF(Errors!$I$3:$I$3008,$B41) -> 0 | K41: R02 | L41: Drop ball | R41: =COUNTIF(Errors!$I$3:$I$3008,$K41) -> 35 | AF41: =COUNTIFS(Errors!$F:$F,Analysis!$AE41,Errors!$D:$D,Analysis!$AF$2,Errors!$I:$I,"TV*") -> 0 | AG41: =COUNTIFS(Errors!$F:$F,Analysis!$AE41,Errors!$D:$D,Analysis!$AG$2,Errors!$I:$I,"TV*") -> 0 | AH41: =COUNTIFS(Errors!$F:$F,Analysis!$AE41,Errors!$D:$D,Analysis!$AH$2,Errors!$I:$I,"TV*") -> 0 | AI41: =COUNTIFS(Errors!$F:$F,Analysis!$AE41,Errors!$D:$D,Analysis!$AI$2,Errors!$I:$I,"TV*") -> 0 | AJ41: =COUNTIFS(Errors!$F:$F,Analysis!$AE41,Errors!$D:$D,Analysis!$AJ$2,Errors!$I:$I,"TV*") -> 0 | AK41: =COUNTIFS(Errors!$F:$F,Analysis!$AE41,Errors!$D:$D,Analysis!$AK$2,Errors!$I:$I,"TV*") -> 0 | AL41: =COUNTIFS(Errors!$F:$F,Analysis!$AE41,Errors!$D:$D,Analysis!$AL$2,Errors!$I:$I,"TV*") -> 0 | AM41: =COUNTIFS(Errors!$F:$F,Analysis!$AE41,Errors!$D:$D,Analysis!$AM$2,Errors!$I:$I,"TV*") -> 0 | AN41: =COUNTIFS(Errors!$F:$F,Analysis!$AE41,Errors!$D:$D,Analysis!$AN$2,Errors!$I:$I,"TV*") -> 0 | AO41: =COUNTIFS(Errors!$F:$F,Analysis!$AE41,Errors!$D:$D,Analysis!$AO$2,Errors!$I:$I,"TV*") -> 0 | AP41: =COUNTIFS(Errors!$F:$F,Analysis!$AE41,Errors!$D:$D,Analysis!$AP$2,Errors!$I:$I,"TV*") -> 0 | AQ41: =COUNTIFS(Errors!$F:$F,Analysis!$AE41,Errors!$D:$D,Analysis!$AQ$2,Errors!$I:$I,"TV*") -> 0 | AR41: =COUNTIFS(Errors!$F:$F,Analysis!$AE41,Errors!$D:$D,Analysis!$AR$2,Errors!$I:$I,"TV*") -> 0 | AS41: =COUNTIFS(Errors!$F:$F,Analysis!$AE41,Errors!$D:$D,Analysis!$AS$2,Errors!$I:$I,"TV*") -> 0 | AT41: =COUNTIFS(Errors!$F:$F,Analysis!$AE41,Errors!$D:$D,Analysis!$AT$2,Errors!$I:$I,"TV*") -> 0 | AU41: =COUNTIFS(Errors!$F:$F,Analysis!$AE41,Errors!$D:$D,Analysis!$AU$2,Errors!$I:$I,"TV*") -> 0 | AV41: =COUNTIFS(Errors!$F:$F,Analysis!$AE41,Errors!$D:$D,Analysis!$AV$2,Errors!$I:$I,"TV*") -> 0 | AW41: =COUNTIFS(Errors!$F:$F,Analysis!$AE41,Errors!$D:$D,Analysis!$AW$2,Errors!$I:$I,"TV*") -> 0 | AX41: =COUNTIFS(Errors!$F:$F,Analysis!$AE41,Errors!$D:$D,Analysis!$AX$2,Errors!$I:$I,"TV*") -> 0 | AY41: =COUNTIFS(Errors!$F:$F,Analysis!$AE41,Errors!$D:$D,Analysis!$AY$2,Errors!$I:$I,"TV*") -> 0 | AZ41: =COUNTIFS(Errors!$F:$F,Analysis!$AE41,Errors!$D:$D,Analysis!$AZ$2,Errors!$I:$I,"TV*") -> 0 | BA41: =COUNTIFS(Errors!$F:$F,Analysis!$AE41,Errors!$D:$D,Analysis!$BA$2,Errors!$I:$I,"TV*") -> 0 | BB41: =COUNTIFS(Errors!$F:$F,Analysis!$AE41,Errors!$D:$D,Analysis!$BB$2,Errors!$I:$I,"TV*") -> 0 | BC41: =COUNTIFS(Errors!$F:$F,Analysis!$AE41,Errors!$D:$D,Analysis!$BC$2,Errors!$I:$I,"TV*") -> 0 | BD41: =COUNTIFS(Errors!$F:$F,Analysis!$AE41,Errors!$D:$D,Analysis!$BD$2,Errors!$I:$I,"TV*") -> 0 | BE41: =COUNTIFS(Errors!$F:$F,Analysis!$AE41,Errors!$D:$D,Analysis!$BE$2,Errors!$I:$I,"TV*") -> 0 | BF41: =COUNTIFS(Errors!$F:$F,Analysis!$AE41,Errors!$D:$D,Analysis!$BF$2,Errors!$I:$I,"TV*") -> 0 | BG41: =COUNTIFS(Errors!$F:$F,Analysis!$AE41,Errors!$D:$D,Analysis!$BG$2,Errors!$I:$I,"TV*") -> 0 | BH41: =COUNTIFS(Errors!$F:$F,Analysis!$AE41,Errors!$D:$D,Analysis!$BH$2,Errors!$I:$I,"TV*") -> 0 | BI41: =COUNTIFS(Errors!$F:$F,Analysis!$AE41,Errors!$D:$D,Analysis!$BI$2,Errors!$I:$I,"TV*") -> 0 | BJ41: =COUNTIFS(Errors!$F:$F,Analysis!$AE41,Errors!$D:$D,Analysis!$BJ$2,Errors!$I:$I,"TV*") -> 0 | BL41: =SUM(AF41:BJ41) -> 0 | BN41: =AVERAGE(AF41:BJ41) -> 0 | BO41: Baccarat_E10 | BS41: Baccarat_E10 | BT41: =COUNTIFS(Errors!$D:$D,Analysis!BT$1,Errors!$F:$F,Analysis!$BS41,Errors!$P:$P,"YES") -> 0 | BU41: =COUNTIFS(Errors!$D:$D,Analysis!BU$1,Errors!$F:$F,Analysis!$BS41,Errors!$P:$P,"YES") -> 0 | BV41: =COUNTIFS(Errors!$D:$D,Analysis!BV$1,Errors!$F:$F,Analysis!$BS41,Errors!$P:$P,"YES") -> 0 | BW41: =COUNTIFS(Errors!$D:$D,Analysis!BW$1,Errors!$F:$F,Analysis!$BS41,Errors!$P:$P,"YES") -> 0 | BX41: =COUNTIFS(Errors!$D:$D,Analysis!BX$1,Errors!$F:$F,Analysis!$BS41,Errors!$P:$P,"YES") -> 0 | BY41: =COUNTIFS(Errors!$D:$D,Analysis!BY$1,Errors!$F:$F,Analysis!$BS41,Errors!$P:$P,"YES") -> 0 | BZ41: =COUNTIFS(Errors!$D:$D,Analysis!BZ$1,Errors!$F:$F,Analysis!$BS41,Errors!$P:$P,"YES") -> 0 | CA41: =COUNTIFS(Errors!$D:$D,Analysis!CA$1,Errors!$F:$F,Analysis!$BS41,Errors!$P:$P,"YES") -> 0 | ... CX41: =COUNTIFS(Errors!$D:$D,Analysis!CX$1,Errors!$F:$F,Analysis!$BS41,Errors!$P:$P,"YES") -> 0 | CZ41: =SUM(BT41:CX41) -> 0 | DB41: =AVERAGE(BT41:CX41) -> 0 | DC41: Baccarat_E10
B42: B004 | C42: Burn card(s) exposed - during burn procedure (during card change procedure) | I42: =COUNTIF(Errors!$I$3:$I$3008,$B42) -> 12 | K42: R03 | L42: Wrong wheel direction | R42: =COUNTIF(Errors!$I$3:$I$3008,$K42) -> 3 | AF42: =COUNTIFS(Errors!$F:$F,Analysis!$AE42,Errors!$D:$D,Analysis!$AF$2,Errors!$I:$I,"TV*") -> 0 | AG42: =COUNTIFS(Errors!$F:$F,Analysis!$AE42,Errors!$D:$D,Analysis!$AG$2,Errors!$I:$I,"TV*") -> 0 | AH42: =COUNTIFS(Errors!$F:$F,Analysis!$AE42,Errors!$D:$D,Analysis!$AH$2,Errors!$I:$I,"TV*") -> 0 | AI42: =COUNTIFS(Errors!$F:$F,Analysis!$AE42,Errors!$D:$D,Analysis!$AI$2,Errors!$I:$I,"TV*") -> 0 | AJ42: =COUNTIFS(Errors!$F:$F,Analysis!$AE42,Errors!$D:$D,Analysis!$AJ$2,Errors!$I:$I,"TV*") -> 0 | AK42: =COUNTIFS(Errors!$F:$F,Analysis!$AE42,Errors!$D:$D,Analysis!$AK$2,Errors!$I:$I,"TV*") -> 0 | AL42: =COUNTIFS(Errors!$F:$F,Analysis!$AE42,Errors!$D:$D,Analysis!$AL$2,Errors!$I:$I,"TV*") -> 0 | AM42: =COUNTIFS(Errors!$F:$F,Analysis!$AE42,Errors!$D:$D,Analysis!$AM$2,Errors!$I:$I,"TV*") -> 0 | AN42: =COUNTIFS(Errors!$F:$F,Analysis!$AE42,Errors!$D:$D,Analysis!$AN$2,Errors!$I:$I,"TV*") -> 0 | AO42: =COUNTIFS(Errors!$F:$F,Analysis!$AE42,Errors!$D:$D,Analysis!$AO$2,Errors!$I:$I,"TV*") -> 0 | AP42: =COUNTIFS(Errors!$F:$F,Analysis!$AE42,Errors!$D:$D,Analysis!$AP$2,Errors!$I:$I,"TV*") -> 0 | AQ42: =COUNTIFS(Errors!$F:$F,Analysis!$AE42,Errors!$D:$D,Analysis!$AQ$2,Errors!$I:$I,"TV*") -> 0 | AR42: =COUNTIFS(Errors!$F:$F,Analysis!$AE42,Errors!$D:$D,Analysis!$AR$2,Errors!$I:$I,"TV*") -> 0 | AS42: =COUNTIFS(Errors!$F:$F,Analysis!$AE42,Errors!$D:$D,Analysis!$AS$2,Errors!$I:$I,"TV*") -> 0 | AT42: =COUNTIFS(Errors!$F:$F,Analysis!$AE42,Errors!$D:$D,Analysis!$AT$2,Errors!$I:$I,"TV*") -> 0 | AU42: =COUNTIFS(Errors!$F:$F,Analysis!$AE42,Errors!$D:$D,Analysis!$AU$2,Errors!$I:$I,"TV*") -> 0 | AV42: =COUNTIFS(Errors!$F:$F,Analysis!$AE42,Errors!$D:$D,Analysis!$AV$2,Errors!$I:$I,"TV*") -> 0 | AW42: =COUNTIFS(Errors!$F:$F,Analysis!$AE42,Errors!$D:$D,Analysis!$AW$2,Errors!$I:$I,"TV*") -> 0 | AX42: =COUNTIFS(Errors!$F:$F,Analysis!$AE42,Errors!$D:$D,Analysis!$AX$2,Errors!$I:$I,"TV*") -> 0 | AY42: =COUNTIFS(Errors!$F:$F,Analysis!$AE42,Errors!$D:$D,Analysis!$AY$2,Errors!$I:$I,"TV*") -> 0 | AZ42: =COUNTIFS(Errors!$F:$F,Analysis!$AE42,Errors!$D:$D,Analysis!$AZ$2,Errors!$I:$I,"TV*") -> 0 | BA42: =COUNTIFS(Errors!$F:$F,Analysis!$AE42,Errors!$D:$D,Analysis!$BA$2,Errors!$I:$I,"TV*") -> 0 | BB42: =COUNTIFS(Errors!$F:$F,Analysis!$AE42,Errors!$D:$D,Analysis!$BB$2,Errors!$I:$I,"TV*") -> 0 | BC42: =COUNTIFS(Errors!$F:$F,Analysis!$AE42,Errors!$D:$D,Analysis!$BC$2,Errors!$I:$I,"TV*") -> 0 | BD42: =COUNTIFS(Errors!$F:$F,Analysis!$AE42,Errors!$D:$D,Analysis!$BD$2,Errors!$I:$I,"TV*") -> 0 | BE42: =COUNTIFS(Errors!$F:$F,Analysis!$AE42,Errors!$D:$D,Analysis!$BE$2,Errors!$I:$I,"TV*") -> 0 | BF42: =COUNTIFS(Errors!$F:$F,Analysis!$AE42,Errors!$D:$D,Analysis!$BF$2,Errors!$I:$I,"TV*") -> 0 | BG42: =COUNTIFS(Errors!$F:$F,Analysis!$AE42,Errors!$D:$D,Analysis!$BG$2,Errors!$I:$I,"TV*") -> 0 | BH42: =COUNTIFS(Errors!$F:$F,Analysis!$AE42,Errors!$D:$D,Analysis!$BH$2,Errors!$I:$I,"TV*") -> 0 | BI42: =COUNTIFS(Errors!$F:$F,Analysis!$AE42,Errors!$D:$D,Analysis!$BI$2,Errors!$I:$I,"TV*") -> 0 | BJ42: =COUNTIFS(Errors!$F:$F,Analysis!$AE42,Errors!$D:$D,Analysis!$BJ$2,Errors!$I:$I,"TV*") -> 0 | BL42: =SUM(AF42:BJ42) -> 0 | BN42: =AVERAGE(AF42:BJ42) -> 0 | BO42: Baccarat_E11 | BS42: Baccarat_E11 | BT42: =COUNTIFS(Errors!$D:$D,Analysis!BT$1,Errors!$F:$F,Analysis!$BS42,Errors!$P:$P,"YES") -> 0 | BU42: =COUNTIFS(Errors!$D:$D,Analysis!BU$1,Errors!$F:$F,Analysis!$BS42,Errors!$P:$P,"YES") -> 0 | BV42: =COUNTIFS(Errors!$D:$D,Analysis!BV$1,Errors!$F:$F,Analysis!$BS42,Errors!$P:$P,"YES") -> 0 | BW42: =COUNTIFS(Errors!$D:$D,Analysis!BW$1,Errors!$F:$F,Analysis!$BS42,Errors!$P:$P,"YES") -> 0 | BX42: =COUNTIFS(Errors!$D:$D,Analysis!BX$1,Errors!$F:$F,Analysis!$BS42,Errors!$P:$P,"YES") -> 0 | BY42: =COUNTIFS(Errors!$D:$D,Analysis!BY$1,Errors!$F:$F,Analysis!$BS42,Errors!$P:$P,"YES") -> 0 | BZ42: =COUNTIFS(Errors!$D:$D,Analysis!BZ$1,Errors!$F:$F,Analysis!$BS42,Errors!$P:$P,"YES") -> 0 | CA42: =COUNTIFS(Errors!$D:$D,Analysis!CA$1,Errors!$F:$F,Analysis!$BS42,Errors!$P:$P,"YES") -> 0 | ... CX42: =COUNTIFS(Errors!$D:$D,Analysis!CX$1,Errors!$F:$F,Analysis!$BS42,Errors!$P:$P,"YES") -> 0 | CZ42: =SUM(BT42:CX42) -> 0 | DB42: =AVERAGE(BT42:CX42) -> 0 | DC42: Baccarat_E11
B43: B005 | C43: Too many cards burned (during card change procedure) | I43: =COUNTIF(Errors!$I$3:$I$3008,$B43) -> 0 | K43: R04 | L43: Wrong ball direction | R43: =COUNTIF(Errors!$I$3:$I$3008,$K43) -> 2 | AF43: =COUNTIFS(Errors!$F:$F,Analysis!$AE43,Errors!$D:$D,Analysis!$AF$2,Errors!$I:$I,"TV*") -> 0 | AG43: =COUNTIFS(Errors!$F:$F,Analysis!$AE43,Errors!$D:$D,Analysis!$AG$2,Errors!$I:$I,"TV*") -> 0 | AH43: =COUNTIFS(Errors!$F:$F,Analysis!$AE43,Errors!$D:$D,Analysis!$AH$2,Errors!$I:$I,"TV*") -> 0 | AI43: =COUNTIFS(Errors!$F:$F,Analysis!$AE43,Errors!$D:$D,Analysis!$AI$2,Errors!$I:$I,"TV*") -> 0 | AJ43: =COUNTIFS(Errors!$F:$F,Analysis!$AE43,Errors!$D:$D,Analysis!$AJ$2,Errors!$I:$I,"TV*") -> 0 | AK43: =COUNTIFS(Errors!$F:$F,Analysis!$AE43,Errors!$D:$D,Analysis!$AK$2,Errors!$I:$I,"TV*") -> 0 | AL43: =COUNTIFS(Errors!$F:$F,Analysis!$AE43,Errors!$D:$D,Analysis!$AL$2,Errors!$I:$I,"TV*") -> 0 | AM43: =COUNTIFS(Errors!$F:$F,Analysis!$AE43,Errors!$D:$D,Analysis!$AM$2,Errors!$I:$I,"TV*") -> 0 | AN43: =COUNTIFS(Errors!$F:$F,Analysis!$AE43,Errors!$D:$D,Analysis!$AN$2,Errors!$I:$I,"TV*") -> 0 | AO43: =COUNTIFS(Errors!$F:$F,Analysis!$AE43,Errors!$D:$D,Analysis!$AO$2,Errors!$I:$I,"TV*") -> 0 | AP43: =COUNTIFS(Errors!$F:$F,Analysis!$AE43,Errors!$D:$D,Analysis!$AP$2,Errors!$I:$I,"TV*") -> 0 | AQ43: =COUNTIFS(Errors!$F:$F,Analysis!$AE43,Errors!$D:$D,Analysis!$AQ$2,Errors!$I:$I,"TV*") -> 0 | AR43: =COUNTIFS(Errors!$F:$F,Analysis!$AE43,Errors!$D:$D,Analysis!$AR$2,Errors!$I:$I,"TV*") -> 0 | AS43: =COUNTIFS(Errors!$F:$F,Analysis!$AE43,Errors!$D:$D,Analysis!$AS$2,Errors!$I:$I,"TV*") -> 0 | AT43: =COUNTIFS(Errors!$F:$F,Analysis!$AE43,Errors!$D:$D,Analysis!$AT$2,Errors!$I:$I,"TV*") -> 0 | AU43: =COUNTIFS(Errors!$F:$F,Analysis!$AE43,Errors!$D:$D,Analysis!$AU$2,Errors!$I:$I,"TV*") -> 0 | AV43: =COUNTIFS(Errors!$F:$F,Analysis!$AE43,Errors!$D:$D,Analysis!$AV$2,Errors!$I:$I,"TV*") -> 0 | AW43: =COUNTIFS(Errors!$F:$F,Analysis!$AE43,Errors!$D:$D,Analysis!$AW$2,Errors!$I:$I,"TV*") -> 0 | AX43: =COUNTIFS(Errors!$F:$F,Analysis!$AE43,Errors!$D:$D,Analysis!$AX$2,Errors!$I:$I,"TV*") -> 0 | AY43: =COUNTIFS(Errors!$F:$F,Analysis!$AE43,Errors!$D:$D,Analysis!$AY$2,Errors!$I:$I,"TV*") -> 0 | AZ43: =COUNTIFS(Errors!$F:$F,Analysis!$AE43,Errors!$D:$D,Analysis!$AZ$2,Errors!$I:$I,"TV*") -> 0 | BA43: =COUNTIFS(Errors!$F:$F,Analysis!$AE43,Errors!$D:$D,Analysis!$BA$2,Errors!$I:$I,"TV*") -> 0 | BB43: =COUNTIFS(Errors!$F:$F,Analysis!$AE43,Errors!$D:$D,Analysis!$BB$2,Errors!$I:$I,"TV*") -> 0 | BC43: =COUNTIFS(Errors!$F:$F,Analysis!$AE43,Errors!$D:$D,Analysis!$BC$2,Errors!$I:$I,"TV*") -> 0 | BD43: =COUNTIFS(Errors!$F:$F,Analysis!$AE43,Errors!$D:$D,Analysis!$BD$2,Errors!$I:$I,"TV*") -> 0 | BE43: =COUNTIFS(Errors!$F:$F,Analysis!$AE43,Errors!$D:$D,Analysis!$BE$2,Errors!$I:$I,"TV*") -> 0 | BF43: =COUNTIFS(Errors!$F:$F,Analysis!$AE43,Errors!$D:$D,Analysis!$BF$2,Errors!$I:$I,"TV*") -> 0 | BG43: =COUNTIFS(Errors!$F:$F,Analysis!$AE43,Errors!$D:$D,Analysis!$BG$2,Errors!$I:$I,"TV*") -> 0 | BH43: =COUNTIFS(Errors!$F:$F,Analysis!$AE43,Errors!$D:$D,Analysis!$BH$2,Errors!$I:$I,"TV*") -> 0 | BI43: =COUNTIFS(Errors!$F:$F,Analysis!$AE43,Errors!$D:$D,Analysis!$BI$2,Errors!$I:$I,"TV*") -> 0 | BJ43: =COUNTIFS(Errors!$F:$F,Analysis!$AE43,Errors!$D:$D,Analysis!$BJ$2,Errors!$I:$I,"TV*") -> 0 | BL43: =SUM(AF43:BJ43) -> 0 | BN43: =AVERAGE(AF43:BJ43) -> 0 | BO43: Baccarat_E12 | BS43: Baccarat_E12 | BT43: =COUNTIFS(Errors!$D:$D,Analysis!BT$1,Errors!$F:$F,Analysis!$BS43,Errors!$P:$P,"YES") -> 0 | BU43: =COUNTIFS(Errors!$D:$D,Analysis!BU$1,Errors!$F:$F,Analysis!$BS43,Errors!$P:$P,"YES") -> 0 | BV43: =COUNTIFS(Errors!$D:$D,Analysis!BV$1,Errors!$F:$F,Analysis!$BS43,Errors!$P:$P,"YES") -> 0 | BW43: =COUNTIFS(Errors!$D:$D,Analysis!BW$1,Errors!$F:$F,Analysis!$BS43,Errors!$P:$P,"YES") -> 0 | BX43: =COUNTIFS(Errors!$D:$D,Analysis!BX$1,Errors!$F:$F,Analysis!$BS43,Errors!$P:$P,"YES") -> 0 | BY43: =COUNTIFS(Errors!$D:$D,Analysis!BY$1,Errors!$F:$F,Analysis!$BS43,Errors!$P:$P,"YES") -> 0 | BZ43: =COUNTIFS(Errors!$D:$D,Analysis!BZ$1,Errors!$F:$F,Analysis!$BS43,Errors!$P:$P,"YES") -> 0 | CA43: =COUNTIFS(Errors!$D:$D,Analysis!CA$1,Errors!$F:$F,Analysis!$BS43,Errors!$P:$P,"YES") -> 0 | ... CX43: =COUNTIFS(Errors!$D:$D,Analysis!CX$1,Errors!$F:$F,Analysis!$BS43,Errors!$P:$P,"YES") -> 0 | CZ43: =SUM(BT43:CX43) -> 0 | DB43: =AVERAGE(BT43:CX43) -> 0 | DC43: Baccarat_E12
B44: B008 | C44: Scanned card falls out of camera view | I44: =COUNTIF(Errors!$I$3:$I$3008,$B44) -> 4 | K44: R05 | L44: Ball falls out of the wheel | R44: =COUNTIF(Errors!$I$3:$I$3008,$K44) -> 27 | AF44: =COUNTIFS(Errors!$F:$F,Analysis!$AE44,Errors!$D:$D,Analysis!$AF$2,Errors!$I:$I,"TV*") -> 0 | AG44: =COUNTIFS(Errors!$F:$F,Analysis!$AE44,Errors!$D:$D,Analysis!$AG$2,Errors!$I:$I,"TV*") -> 0 | AH44: =COUNTIFS(Errors!$F:$F,Analysis!$AE44,Errors!$D:$D,Analysis!$AH$2,Errors!$I:$I,"TV*") -> 0 | AI44: =COUNTIFS(Errors!$F:$F,Analysis!$AE44,Errors!$D:$D,Analysis!$AI$2,Errors!$I:$I,"TV*") -> 0 | AJ44: =COUNTIFS(Errors!$F:$F,Analysis!$AE44,Errors!$D:$D,Analysis!$AJ$2,Errors!$I:$I,"TV*") -> 0 | AK44: =COUNTIFS(Errors!$F:$F,Analysis!$AE44,Errors!$D:$D,Analysis!$AK$2,Errors!$I:$I,"TV*") -> 0 | AL44: =COUNTIFS(Errors!$F:$F,Analysis!$AE44,Errors!$D:$D,Analysis!$AL$2,Errors!$I:$I,"TV*") -> 0 | AM44: =COUNTIFS(Errors!$F:$F,Analysis!$AE44,Errors!$D:$D,Analysis!$AM$2,Errors!$I:$I,"TV*") -> 0 | AN44: =COUNTIFS(Errors!$F:$F,Analysis!$AE44,Errors!$D:$D,Analysis!$AN$2,Errors!$I:$I,"TV*") -> 0 | AO44: =COUNTIFS(Errors!$F:$F,Analysis!$AE44,Errors!$D:$D,Analysis!$AO$2,Errors!$I:$I,"TV*") -> 0 | AP44: =COUNTIFS(Errors!$F:$F,Analysis!$AE44,Errors!$D:$D,Analysis!$AP$2,Errors!$I:$I,"TV*") -> 0 | AQ44: =COUNTIFS(Errors!$F:$F,Analysis!$AE44,Errors!$D:$D,Analysis!$AQ$2,Errors!$I:$I,"TV*") -> 0 | AR44: =COUNTIFS(Errors!$F:$F,Analysis!$AE44,Errors!$D:$D,Analysis!$AR$2,Errors!$I:$I,"TV*") -> 0 | AS44: =COUNTIFS(Errors!$F:$F,Analysis!$AE44,Errors!$D:$D,Analysis!$AS$2,Errors!$I:$I,"TV*") -> 0 | AT44: =COUNTIFS(Errors!$F:$F,Analysis!$AE44,Errors!$D:$D,Analysis!$AT$2,Errors!$I:$I,"TV*") -> 0 | AU44: =COUNTIFS(Errors!$F:$F,Analysis!$AE44,Errors!$D:$D,Analysis!$AU$2,Errors!$I:$I,"TV*") -> 0 | AV44: =COUNTIFS(Errors!$F:$F,Analysis!$AE44,Errors!$D:$D,Analysis!$AV$2,Errors!$I:$I,"TV*") -> 0 | AW44: =COUNTIFS(Errors!$F:$F,Analysis!$AE44,Errors!$D:$D,Analysis!$AW$2,Errors!$I:$I,"TV*") -> 0 | AX44: =COUNTIFS(Errors!$F:$F,Analysis!$AE44,Errors!$D:$D,Analysis!$AX$2,Errors!$I:$I,"TV*") -> 0 | AY44: =COUNTIFS(Errors!$F:$F,Analysis!$AE44,Errors!$D:$D,Analysis!$AY$2,Errors!$I:$I,"TV*") -> 0 | AZ44: =COUNTIFS(Errors!$F:$F,Analysis!$AE44,Errors!$D:$D,Analysis!$AZ$2,Errors!$I:$I,"TV*") -> 0 | BA44: =COUNTIFS(Errors!$F:$F,Analysis!$AE44,Errors!$D:$D,Analysis!$BA$2,Errors!$I:$I,"TV*") -> 0 | BB44: =COUNTIFS(Errors!$F:$F,Analysis!$AE44,Errors!$D:$D,Analysis!$BB$2,Errors!$I:$I,"TV*") -> 0 | BC44: =COUNTIFS(Errors!$F:$F,Analysis!$AE44,Errors!$D:$D,Analysis!$BC$2,Errors!$I:$I,"TV*") -> 0 | BD44: =COUNTIFS(Errors!$F:$F,Analysis!$AE44,Errors!$D:$D,Analysis!$BD$2,Errors!$I:$I,"TV*") -> 0 | BE44: =COUNTIFS(Errors!$F:$F,Analysis!$AE44,Errors!$D:$D,Analysis!$BE$2,Errors!$I:$I,"TV*") -> 0 | BF44: =COUNTIFS(Errors!$F:$F,Analysis!$AE44,Errors!$D:$D,Analysis!$BF$2,Errors!$I:$I,"TV*") -> 0 | BG44: =COUNTIFS(Errors!$F:$F,Analysis!$AE44,Errors!$D:$D,Analysis!$BG$2,Errors!$I:$I,"TV*") -> 0 | BH44: =COUNTIFS(Errors!$F:$F,Analysis!$AE44,Errors!$D:$D,Analysis!$BH$2,Errors!$I:$I,"TV*") -> 0 | BI44: =COUNTIFS(Errors!$F:$F,Analysis!$AE44,Errors!$D:$D,Analysis!$BI$2,Errors!$I:$I,"TV*") -> 0 | BJ44: =COUNTIFS(Errors!$F:$F,Analysis!$AE44,Errors!$D:$D,Analysis!$BJ$2,Errors!$I:$I,"TV*") -> 0 | BL44: =SUM(AF44:BJ44) -> 0 | BN44: =AVERAGE(AF44:BJ44) -> 0 | BO44: Baccarat_E13 | BS44: Baccarat_E13 | BT44: =COUNTIFS(Errors!$D:$D,Analysis!BT$1,Errors!$F:$F,Analysis!$BS44,Errors!$P:$P,"YES") -> 0 | BU44: =COUNTIFS(Errors!$D:$D,Analysis!BU$1,Errors!$F:$F,Analysis!$BS44,Errors!$P:$P,"YES") -> 0 | BV44: =COUNTIFS(Errors!$D:$D,Analysis!BV$1,Errors!$F:$F,Analysis!$BS44,Errors!$P:$P,"YES") -> 0 | BW44: =COUNTIFS(Errors!$D:$D,Analysis!BW$1,Errors!$F:$F,Analysis!$BS44,Errors!$P:$P,"YES") -> 0 | BX44: =COUNTIFS(Errors!$D:$D,Analysis!BX$1,Errors!$F:$F,Analysis!$BS44,Errors!$P:$P,"YES") -> 0 | BY44: =COUNTIFS(Errors!$D:$D,Analysis!BY$1,Errors!$F:$F,Analysis!$BS44,Errors!$P:$P,"YES") -> 0 | BZ44: =COUNTIFS(Errors!$D:$D,Analysis!BZ$1,Errors!$F:$F,Analysis!$BS44,Errors!$P:$P,"YES") -> 0 | CA44: =COUNTIFS(Errors!$D:$D,Analysis!CA$1,Errors!$F:$F,Analysis!$BS44,Errors!$P:$P,"YES") -> 0 | ... CX44: =COUNTIFS(Errors!$D:$D,Analysis!CX$1,Errors!$F:$F,Analysis!$BS44,Errors!$P:$P,"YES") -> 0 | CZ44: =SUM(BT44:CX44) -> 0 | DB44: =AVERAGE(BT44:CX44) -> 0 | DC44: Baccarat_E13
B45: B008 | C45: Unscanned card falls out of camera view | I45: =COUNTIF(Errors!$I$3:$I$3008,$B45) -> 4 | K45: R08 | L45: GP confirms wrong number | R45: =COUNTIF(Errors!$I$3:$I$3008,$K45) -> 0 | AF45: =COUNTIFS(Errors!$F:$F,Analysis!$AE45,Errors!$D:$D,Analysis!$AF$2,Errors!$I:$I,"TV*") -> 0 | AG45: =COUNTIFS(Errors!$F:$F,Analysis!$AE45,Errors!$D:$D,Analysis!$AG$2,Errors!$I:$I,"TV*") -> 0 | AH45: =COUNTIFS(Errors!$F:$F,Analysis!$AE45,Errors!$D:$D,Analysis!$AH$2,Errors!$I:$I,"TV*") -> 0 | AI45: =COUNTIFS(Errors!$F:$F,Analysis!$AE45,Errors!$D:$D,Analysis!$AI$2,Errors!$I:$I,"TV*") -> 0 | AJ45: =COUNTIFS(Errors!$F:$F,Analysis!$AE45,Errors!$D:$D,Analysis!$AJ$2,Errors!$I:$I,"TV*") -> 0 | AK45: =COUNTIFS(Errors!$F:$F,Analysis!$AE45,Errors!$D:$D,Analysis!$AK$2,Errors!$I:$I,"TV*") -> 0 | AL45: =COUNTIFS(Errors!$F:$F,Analysis!$AE45,Errors!$D:$D,Analysis!$AL$2,Errors!$I:$I,"TV*") -> 0 | AM45: =COUNTIFS(Errors!$F:$F,Analysis!$AE45,Errors!$D:$D,Analysis!$AM$2,Errors!$I:$I,"TV*") -> 0 | AN45: =COUNTIFS(Errors!$F:$F,Analysis!$AE45,Errors!$D:$D,Analysis!$AN$2,Errors!$I:$I,"TV*") -> 0 | AO45: =COUNTIFS(Errors!$F:$F,Analysis!$AE45,Errors!$D:$D,Analysis!$AO$2,Errors!$I:$I,"TV*") -> 0 | AP45: =COUNTIFS(Errors!$F:$F,Analysis!$AE45,Errors!$D:$D,Analysis!$AP$2,Errors!$I:$I,"TV*") -> 0 | AQ45: =COUNTIFS(Errors!$F:$F,Analysis!$AE45,Errors!$D:$D,Analysis!$AQ$2,Errors!$I:$I,"TV*") -> 0 | AR45: =COUNTIFS(Errors!$F:$F,Analysis!$AE45,Errors!$D:$D,Analysis!$AR$2,Errors!$I:$I,"TV*") -> 0 | AS45: =COUNTIFS(Errors!$F:$F,Analysis!$AE45,Errors!$D:$D,Analysis!$AS$2,Errors!$I:$I,"TV*") -> 0 | AT45: =COUNTIFS(Errors!$F:$F,Analysis!$AE45,Errors!$D:$D,Analysis!$AT$2,Errors!$I:$I,"TV*") -> 0 | AU45: =COUNTIFS(Errors!$F:$F,Analysis!$AE45,Errors!$D:$D,Analysis!$AU$2,Errors!$I:$I,"TV*") -> 0 | AV45: =COUNTIFS(Errors!$F:$F,Analysis!$AE45,Errors!$D:$D,Analysis!$AV$2,Errors!$I:$I,"TV*") -> 0 | AW45: =COUNTIFS(Errors!$F:$F,Analysis!$AE45,Errors!$D:$D,Analysis!$AW$2,Errors!$I:$I,"TV*") -> 0 | AX45: =COUNTIFS(Errors!$F:$F,Analysis!$AE45,Errors!$D:$D,Analysis!$AX$2,Errors!$I:$I,"TV*") -> 0 | AY45: =COUNTIFS(Errors!$F:$F,Analysis!$AE45,Errors!$D:$D,Analysis!$AY$2,Errors!$I:$I,"TV*") -> 0 | AZ45: =COUNTIFS(Errors!$F:$F,Analysis!$AE45,Errors!$D:$D,Analysis!$AZ$2,Errors!$I:$I,"TV*") -> 0 | BA45: =COUNTIFS(Errors!$F:$F,Analysis!$AE45,Errors!$D:$D,Analysis!$BA$2,Errors!$I:$I,"TV*") -> 0 | BB45: =COUNTIFS(Errors!$F:$F,Analysis!$AE45,Errors!$D:$D,Analysis!$BB$2,Errors!$I:$I,"TV*") -> 0 | BC45: =COUNTIFS(Errors!$F:$F,Analysis!$AE45,Errors!$D:$D,Analysis!$BC$2,Errors!$I:$I,"TV*") -> 0 | BD45: =COUNTIFS(Errors!$F:$F,Analysis!$AE45,Errors!$D:$D,Analysis!$BD$2,Errors!$I:$I,"TV*") -> 0 | BE45: =COUNTIFS(Errors!$F:$F,Analysis!$AE45,Errors!$D:$D,Analysis!$BE$2,Errors!$I:$I,"TV*") -> 0 | BF45: =COUNTIFS(Errors!$F:$F,Analysis!$AE45,Errors!$D:$D,Analysis!$BF$2,Errors!$I:$I,"TV*") -> 0 | BG45: =COUNTIFS(Errors!$F:$F,Analysis!$AE45,Errors!$D:$D,Analysis!$BG$2,Errors!$I:$I,"TV*") -> 0 | BH45: =COUNTIFS(Errors!$F:$F,Analysis!$AE45,Errors!$D:$D,Analysis!$BH$2,Errors!$I:$I,"TV*") -> 0 | BI45: =COUNTIFS(Errors!$F:$F,Analysis!$AE45,Errors!$D:$D,Analysis!$BI$2,Errors!$I:$I,"TV*") -> 0 | BJ45: =COUNTIFS(Errors!$F:$F,Analysis!$AE45,Errors!$D:$D,Analysis!$BJ$2,Errors!$I:$I,"TV*") -> 0 | BL45: =SUM(AF45:BJ45) -> 0 | BN45: =AVERAGE(AF45:BJ45) -> 0 | BO45: Baccarat_EVIP | BS45: Baccarat_EVIP | BT45: =COUNTIFS(Errors!$D:$D,Analysis!BT$1,Errors!$F:$F,Analysis!$BS45,Errors!$P:$P,"YES") -> 0 | BU45: =COUNTIFS(Errors!$D:$D,Analysis!BU$1,Errors!$F:$F,Analysis!$BS45,Errors!$P:$P,"YES") -> 0 | BV45: =COUNTIFS(Errors!$D:$D,Analysis!BV$1,Errors!$F:$F,Analysis!$BS45,Errors!$P:$P,"YES") -> 0 | BW45: =COUNTIFS(Errors!$D:$D,Analysis!BW$1,Errors!$F:$F,Analysis!$BS45,Errors!$P:$P,"YES") -> 0 | BX45: =COUNTIFS(Errors!$D:$D,Analysis!BX$1,Errors!$F:$F,Analysis!$BS45,Errors!$P:$P,"YES") -> 0 | BY45: =COUNTIFS(Errors!$D:$D,Analysis!BY$1,Errors!$F:$F,Analysis!$BS45,Errors!$P:$P,"YES") -> 0 | BZ45: =COUNTIFS(Errors!$D:$D,Analysis!BZ$1,Errors!$F:$F,Analysis!$BS45,Errors!$P:$P,"YES") -> 0 | CA45: =COUNTIFS(Errors!$D:$D,Analysis!CA$1,Errors!$F:$F,Analysis!$BS45,Errors!$P:$P,"YES") -> 0 | ... CX45: =COUNTIFS(Errors!$D:$D,Analysis!CX$1,Errors!$F:$F,Analysis!$BS45,Errors!$P:$P,"YES") -> 0 | CZ45: =SUM(BT45:CX45) -> 0 | DB45: =AVERAGE(BT45:CX45) -> 0 | DC45: Baccarat_EVIP
B46: B008 | C46: Dealer failed to scan shuffle card (still using the same shoe) | I46: =COUNTIF(Errors!$I$3:$I$3008,$B46) -> 4 | K46: R08 | L46: Dealer spun ball before the beginning of next round/More than 3 seconds before the end of the countdown. | R46: =COUNTIF(Errors!$I$3:$I$3008,$K46) -> 0 | AF46: =COUNTIFS(Errors!$F:$F,Analysis!$AE46,Errors!$D:$D,Analysis!$AF$2,Errors!$I:$I,"TV*") -> 0 | AG46: =COUNTIFS(Errors!$F:$F,Analysis!$AE46,Errors!$D:$D,Analysis!$AG$2,Errors!$I:$I,"TV*") -> 0 | AH46: =COUNTIFS(Errors!$F:$F,Analysis!$AE46,Errors!$D:$D,Analysis!$AH$2,Errors!$I:$I,"TV*") -> 0 | AI46: =COUNTIFS(Errors!$F:$F,Analysis!$AE46,Errors!$D:$D,Analysis!$AI$2,Errors!$I:$I,"TV*") -> 0 | AJ46: =COUNTIFS(Errors!$F:$F,Analysis!$AE46,Errors!$D:$D,Analysis!$AJ$2,Errors!$I:$I,"TV*") -> 0 | AK46: =COUNTIFS(Errors!$F:$F,Analysis!$AE46,Errors!$D:$D,Analysis!$AK$2,Errors!$I:$I,"TV*") -> 0 | AL46: =COUNTIFS(Errors!$F:$F,Analysis!$AE46,Errors!$D:$D,Analysis!$AL$2,Errors!$I:$I,"TV*") -> 0 | AM46: =COUNTIFS(Errors!$F:$F,Analysis!$AE46,Errors!$D:$D,Analysis!$AM$2,Errors!$I:$I,"TV*") -> 0 | AN46: =COUNTIFS(Errors!$F:$F,Analysis!$AE46,Errors!$D:$D,Analysis!$AN$2,Errors!$I:$I,"TV*") -> 0 | AO46: =COUNTIFS(Errors!$F:$F,Analysis!$AE46,Errors!$D:$D,Analysis!$AO$2,Errors!$I:$I,"TV*") -> 0 | AP46: =COUNTIFS(Errors!$F:$F,Analysis!$AE46,Errors!$D:$D,Analysis!$AP$2,Errors!$I:$I,"TV*") -> 0 | AQ46: =COUNTIFS(Errors!$F:$F,Analysis!$AE46,Errors!$D:$D,Analysis!$AQ$2,Errors!$I:$I,"TV*") -> 0 | AR46: =COUNTIFS(Errors!$F:$F,Analysis!$AE46,Errors!$D:$D,Analysis!$AR$2,Errors!$I:$I,"TV*") -> 0 | AS46: =COUNTIFS(Errors!$F:$F,Analysis!$AE46,Errors!$D:$D,Analysis!$AS$2,Errors!$I:$I,"TV*") -> 0 | AT46: =COUNTIFS(Errors!$F:$F,Analysis!$AE46,Errors!$D:$D,Analysis!$AT$2,Errors!$I:$I,"TV*") -> 0 | AU46: =COUNTIFS(Errors!$F:$F,Analysis!$AE46,Errors!$D:$D,Analysis!$AU$2,Errors!$I:$I,"TV*") -> 0 | AV46: =COUNTIFS(Errors!$F:$F,Analysis!$AE46,Errors!$D:$D,Analysis!$AV$2,Errors!$I:$I,"TV*") -> 0 | AW46: =COUNTIFS(Errors!$F:$F,Analysis!$AE46,Errors!$D:$D,Analysis!$AW$2,Errors!$I:$I,"TV*") -> 0 | AX46: =COUNTIFS(Errors!$F:$F,Analysis!$AE46,Errors!$D:$D,Analysis!$AX$2,Errors!$I:$I,"TV*") -> 0 | AY46: =COUNTIFS(Errors!$F:$F,Analysis!$AE46,Errors!$D:$D,Analysis!$AY$2,Errors!$I:$I,"TV*") -> 0 | AZ46: =COUNTIFS(Errors!$F:$F,Analysis!$AE46,Errors!$D:$D,Analysis!$AZ$2,Errors!$I:$I,"TV*") -> 0 | BA46: =COUNTIFS(Errors!$F:$F,Analysis!$AE46,Errors!$D:$D,Analysis!$BA$2,Errors!$I:$I,"TV*") -> 0 | BB46: =COUNTIFS(Errors!$F:$F,Analysis!$AE46,Errors!$D:$D,Analysis!$BB$2,Errors!$I:$I,"TV*") -> 0 | BC46: =COUNTIFS(Errors!$F:$F,Analysis!$AE46,Errors!$D:$D,Analysis!$BC$2,Errors!$I:$I,"TV*") -> 0 | BD46: =COUNTIFS(Errors!$F:$F,Analysis!$AE46,Errors!$D:$D,Analysis!$BD$2,Errors!$I:$I,"TV*") -> 0 | BE46: =COUNTIFS(Errors!$F:$F,Analysis!$AE46,Errors!$D:$D,Analysis!$BE$2,Errors!$I:$I,"TV*") -> 0 | BF46: =COUNTIFS(Errors!$F:$F,Analysis!$AE46,Errors!$D:$D,Analysis!$BF$2,Errors!$I:$I,"TV*") -> 0 | BG46: =COUNTIFS(Errors!$F:$F,Analysis!$AE46,Errors!$D:$D,Analysis!$BG$2,Errors!$I:$I,"TV*") -> 0 | BH46: =COUNTIFS(Errors!$F:$F,Analysis!$AE46,Errors!$D:$D,Analysis!$BH$2,Errors!$I:$I,"TV*") -> 0 | BI46: =COUNTIFS(Errors!$F:$F,Analysis!$AE46,Errors!$D:$D,Analysis!$BI$2,Errors!$I:$I,"TV*") -> 0 | BJ46: =COUNTIFS(Errors!$F:$F,Analysis!$AE46,Errors!$D:$D,Analysis!$BJ$2,Errors!$I:$I,"TV*") -> 0 | BL46: =SUM(AF46:BJ46) -> 0 | BN46: =AVERAGE(AF46:BJ46) -> 0 | BO46: Baccarat_PB1 | BS46: Baccarat_PB1 | BT46: =COUNTIFS(Errors!$D:$D,Analysis!BT$1,Errors!$F:$F,Analysis!$BS46,Errors!$P:$P,"YES") -> 0 | BU46: =COUNTIFS(Errors!$D:$D,Analysis!BU$1,Errors!$F:$F,Analysis!$BS46,Errors!$P:$P,"YES") -> 0 | BV46: =COUNTIFS(Errors!$D:$D,Analysis!BV$1,Errors!$F:$F,Analysis!$BS46,Errors!$P:$P,"YES") -> 0 | BW46: =COUNTIFS(Errors!$D:$D,Analysis!BW$1,Errors!$F:$F,Analysis!$BS46,Errors!$P:$P,"YES") -> 0 | BX46: =COUNTIFS(Errors!$D:$D,Analysis!BX$1,Errors!$F:$F,Analysis!$BS46,Errors!$P:$P,"YES") -> 0 | BY46: =COUNTIFS(Errors!$D:$D,Analysis!BY$1,Errors!$F:$F,Analysis!$BS46,Errors!$P:$P,"YES") -> 0 | BZ46: =COUNTIFS(Errors!$D:$D,Analysis!BZ$1,Errors!$F:$F,Analysis!$BS46,Errors!$P:$P,"YES") -> 0 | CA46: =COUNTIFS(Errors!$D:$D,Analysis!CA$1,Errors!$F:$F,Analysis!$BS46,Errors!$P:$P,"YES") -> 0 | ... CX46: =COUNTIFS(Errors!$D:$D,Analysis!CX$1,Errors!$F:$F,Analysis!$BS46,Errors!$P:$P,"YES") -> 0 | CZ46: =SUM(BT46:CX46) -> 0 | DB46: =AVERAGE(BT46:CX46) -> 0 | DC46: Baccarat_PB1
B47: B009 | C47: Wrong card scanned | I47: =COUNTIF(Errors!$I$3:$I$3008,$B47) -> 11 | K47: R08 | L47: Dealer failed to spin the wheel before spinning the ball | R47: =COUNTIF(Errors!$I$3:$I$3008,$K47) -> 0 | AF47: =COUNTIFS(Errors!$F:$F,Analysis!$AE47,Errors!$D:$D,Analysis!$AF$2,Errors!$I:$I,"TV*") -> 0 | AG47: =COUNTIFS(Errors!$F:$F,Analysis!$AE47,Errors!$D:$D,Analysis!$AG$2,Errors!$I:$I,"TV*") -> 0 | AH47: =COUNTIFS(Errors!$F:$F,Analysis!$AE47,Errors!$D:$D,Analysis!$AH$2,Errors!$I:$I,"TV*") -> 0 | AI47: =COUNTIFS(Errors!$F:$F,Analysis!$AE47,Errors!$D:$D,Analysis!$AI$2,Errors!$I:$I,"TV*") -> 0 | AJ47: =COUNTIFS(Errors!$F:$F,Analysis!$AE47,Errors!$D:$D,Analysis!$AJ$2,Errors!$I:$I,"TV*") -> 0 | AK47: =COUNTIFS(Errors!$F:$F,Analysis!$AE47,Errors!$D:$D,Analysis!$AK$2,Errors!$I:$I,"TV*") -> 0 | AL47: =COUNTIFS(Errors!$F:$F,Analysis!$AE47,Errors!$D:$D,Analysis!$AL$2,Errors!$I:$I,"TV*") -> 0 | AM47: =COUNTIFS(Errors!$F:$F,Analysis!$AE47,Errors!$D:$D,Analysis!$AM$2,Errors!$I:$I,"TV*") -> 0 | AN47: =COUNTIFS(Errors!$F:$F,Analysis!$AE47,Errors!$D:$D,Analysis!$AN$2,Errors!$I:$I,"TV*") -> 0 | AO47: =COUNTIFS(Errors!$F:$F,Analysis!$AE47,Errors!$D:$D,Analysis!$AO$2,Errors!$I:$I,"TV*") -> 0 | AP47: =COUNTIFS(Errors!$F:$F,Analysis!$AE47,Errors!$D:$D,Analysis!$AP$2,Errors!$I:$I,"TV*") -> 0 | AQ47: =COUNTIFS(Errors!$F:$F,Analysis!$AE47,Errors!$D:$D,Analysis!$AQ$2,Errors!$I:$I,"TV*") -> 0 | AR47: =COUNTIFS(Errors!$F:$F,Analysis!$AE47,Errors!$D:$D,Analysis!$AR$2,Errors!$I:$I,"TV*") -> 0 | AS47: =COUNTIFS(Errors!$F:$F,Analysis!$AE47,Errors!$D:$D,Analysis!$AS$2,Errors!$I:$I,"TV*") -> 0 | AT47: =COUNTIFS(Errors!$F:$F,Analysis!$AE47,Errors!$D:$D,Analysis!$AT$2,Errors!$I:$I,"TV*") -> 0 | AU47: =COUNTIFS(Errors!$F:$F,Analysis!$AE47,Errors!$D:$D,Analysis!$AU$2,Errors!$I:$I,"TV*") -> 0 | AV47: =COUNTIFS(Errors!$F:$F,Analysis!$AE47,Errors!$D:$D,Analysis!$AV$2,Errors!$I:$I,"TV*") -> 0 | AW47: =COUNTIFS(Errors!$F:$F,Analysis!$AE47,Errors!$D:$D,Analysis!$AW$2,Errors!$I:$I,"TV*") -> 0 | AX47: =COUNTIFS(Errors!$F:$F,Analysis!$AE47,Errors!$D:$D,Analysis!$AX$2,Errors!$I:$I,"TV*") -> 0 | AY47: =COUNTIFS(Errors!$F:$F,Analysis!$AE47,Errors!$D:$D,Analysis!$AY$2,Errors!$I:$I,"TV*") -> 0 | AZ47: =COUNTIFS(Errors!$F:$F,Analysis!$AE47,Errors!$D:$D,Analysis!$AZ$2,Errors!$I:$I,"TV*") -> 0 | BA47: =COUNTIFS(Errors!$F:$F,Analysis!$AE47,Errors!$D:$D,Analysis!$BA$2,Errors!$I:$I,"TV*") -> 0 | BB47: =COUNTIFS(Errors!$F:$F,Analysis!$AE47,Errors!$D:$D,Analysis!$BB$2,Errors!$I:$I,"TV*") -> 0 | BC47: =COUNTIFS(Errors!$F:$F,Analysis!$AE47,Errors!$D:$D,Analysis!$BC$2,Errors!$I:$I,"TV*") -> 0 | BD47: =COUNTIFS(Errors!$F:$F,Analysis!$AE47,Errors!$D:$D,Analysis!$BD$2,Errors!$I:$I,"TV*") -> 0 | BE47: =COUNTIFS(Errors!$F:$F,Analysis!$AE47,Errors!$D:$D,Analysis!$BE$2,Errors!$I:$I,"TV*") -> 0 | BF47: =COUNTIFS(Errors!$F:$F,Analysis!$AE47,Errors!$D:$D,Analysis!$BF$2,Errors!$I:$I,"TV*") -> 0 | BG47: =COUNTIFS(Errors!$F:$F,Analysis!$AE47,Errors!$D:$D,Analysis!$BG$2,Errors!$I:$I,"TV*") -> 0 | BH47: =COUNTIFS(Errors!$F:$F,Analysis!$AE47,Errors!$D:$D,Analysis!$BH$2,Errors!$I:$I,"TV*") -> 0 | BI47: =COUNTIFS(Errors!$F:$F,Analysis!$AE47,Errors!$D:$D,Analysis!$BI$2,Errors!$I:$I,"TV*") -> 0 | BJ47: =COUNTIFS(Errors!$F:$F,Analysis!$AE47,Errors!$D:$D,Analysis!$BJ$2,Errors!$I:$I,"TV*") -> 0 | BL47: =SUM(AF47:BJ47) -> 0 | BN47: =AVERAGE(AF47:BJ47) -> 0 | BO47: Baccarat_PB2 | BS47: Baccarat_PB2 | BT47: =COUNTIFS(Errors!$D:$D,Analysis!BT$1,Errors!$F:$F,Analysis!$BS47,Errors!$P:$P,"YES") -> 0 | BU47: =COUNTIFS(Errors!$D:$D,Analysis!BU$1,Errors!$F:$F,Analysis!$BS47,Errors!$P:$P,"YES") -> 0 | BV47: =COUNTIFS(Errors!$D:$D,Analysis!BV$1,Errors!$F:$F,Analysis!$BS47,Errors!$P:$P,"YES") -> 0 | BW47: =COUNTIFS(Errors!$D:$D,Analysis!BW$1,Errors!$F:$F,Analysis!$BS47,Errors!$P:$P,"YES") -> 0 | BX47: =COUNTIFS(Errors!$D:$D,Analysis!BX$1,Errors!$F:$F,Analysis!$BS47,Errors!$P:$P,"YES") -> 0 | BY47: =COUNTIFS(Errors!$D:$D,Analysis!BY$1,Errors!$F:$F,Analysis!$BS47,Errors!$P:$P,"YES") -> 0 | BZ47: =COUNTIFS(Errors!$D:$D,Analysis!BZ$1,Errors!$F:$F,Analysis!$BS47,Errors!$P:$P,"YES") -> 0 | CA47: =COUNTIFS(Errors!$D:$D,Analysis!CA$1,Errors!$F:$F,Analysis!$BS47,Errors!$P:$P,"YES") -> 0 | ... CX47: =COUNTIFS(Errors!$D:$D,Analysis!CX$1,Errors!$F:$F,Analysis!$BS47,Errors!$P:$P,"YES") -> 0 | CZ47: =SUM(BT47:CX47) -> 0 | DB47: =AVERAGE(BT47:CX47) -> 0 | DC47: Baccarat_PB2
B48: B011 | C48: Dealer starts a new game before clearing cards from the previous game. | I48: =COUNTIF(Errors!$I$3:$I$3008,$B48) -> 0 | K48: R09 | L48: Dealer did not spin the ball and confirmed winning number of previous round | R48: =COUNTIF(Errors!$I$3:$I$3008,$K48) -> 0 | AF48: =COUNTIFS(Errors!$F:$F,Analysis!$AE48,Errors!$D:$D,Analysis!$AF$2,Errors!$I:$I,"TV*") -> 0 | AG48: =COUNTIFS(Errors!$F:$F,Analysis!$AE48,Errors!$D:$D,Analysis!$AG$2,Errors!$I:$I,"TV*") -> 0 | AH48: =COUNTIFS(Errors!$F:$F,Analysis!$AE48,Errors!$D:$D,Analysis!$AH$2,Errors!$I:$I,"TV*") -> 0 | AI48: =COUNTIFS(Errors!$F:$F,Analysis!$AE48,Errors!$D:$D,Analysis!$AI$2,Errors!$I:$I,"TV*") -> 0 | AJ48: =COUNTIFS(Errors!$F:$F,Analysis!$AE48,Errors!$D:$D,Analysis!$AJ$2,Errors!$I:$I,"TV*") -> 0 | AK48: =COUNTIFS(Errors!$F:$F,Analysis!$AE48,Errors!$D:$D,Analysis!$AK$2,Errors!$I:$I,"TV*") -> 0 | AL48: =COUNTIFS(Errors!$F:$F,Analysis!$AE48,Errors!$D:$D,Analysis!$AL$2,Errors!$I:$I,"TV*") -> 0 | AM48: =COUNTIFS(Errors!$F:$F,Analysis!$AE48,Errors!$D:$D,Analysis!$AM$2,Errors!$I:$I,"TV*") -> 0 | AN48: =COUNTIFS(Errors!$F:$F,Analysis!$AE48,Errors!$D:$D,Analysis!$AN$2,Errors!$I:$I,"TV*") -> 0 | AO48: =COUNTIFS(Errors!$F:$F,Analysis!$AE48,Errors!$D:$D,Analysis!$AO$2,Errors!$I:$I,"TV*") -> 0 | AP48: =COUNTIFS(Errors!$F:$F,Analysis!$AE48,Errors!$D:$D,Analysis!$AP$2,Errors!$I:$I,"TV*") -> 0 | AQ48: =COUNTIFS(Errors!$F:$F,Analysis!$AE48,Errors!$D:$D,Analysis!$AQ$2,Errors!$I:$I,"TV*") -> 0 | AR48: =COUNTIFS(Errors!$F:$F,Analysis!$AE48,Errors!$D:$D,Analysis!$AR$2,Errors!$I:$I,"TV*") -> 0 | AS48: =COUNTIFS(Errors!$F:$F,Analysis!$AE48,Errors!$D:$D,Analysis!$AS$2,Errors!$I:$I,"TV*") -> 0 | AT48: =COUNTIFS(Errors!$F:$F,Analysis!$AE48,Errors!$D:$D,Analysis!$AT$2,Errors!$I:$I,"TV*") -> 0 | AU48: =COUNTIFS(Errors!$F:$F,Analysis!$AE48,Errors!$D:$D,Analysis!$AU$2,Errors!$I:$I,"TV*") -> 0 | AV48: =COUNTIFS(Errors!$F:$F,Analysis!$AE48,Errors!$D:$D,Analysis!$AV$2,Errors!$I:$I,"TV*") -> 0 | AW48: =COUNTIFS(Errors!$F:$F,Analysis!$AE48,Errors!$D:$D,Analysis!$AW$2,Errors!$I:$I,"TV*") -> 0 | AX48: =COUNTIFS(Errors!$F:$F,Analysis!$AE48,Errors!$D:$D,Analysis!$AX$2,Errors!$I:$I,"TV*") -> 0 | AY48: =COUNTIFS(Errors!$F:$F,Analysis!$AE48,Errors!$D:$D,Analysis!$AY$2,Errors!$I:$I,"TV*") -> 0 | AZ48: =COUNTIFS(Errors!$F:$F,Analysis!$AE48,Errors!$D:$D,Analysis!$AZ$2,Errors!$I:$I,"TV*") -> 0 | BA48: =COUNTIFS(Errors!$F:$F,Analysis!$AE48,Errors!$D:$D,Analysis!$BA$2,Errors!$I:$I,"TV*") -> 0 | BB48: =COUNTIFS(Errors!$F:$F,Analysis!$AE48,Errors!$D:$D,Analysis!$BB$2,Errors!$I:$I,"TV*") -> 0 | BC48: =COUNTIFS(Errors!$F:$F,Analysis!$AE48,Errors!$D:$D,Analysis!$BC$2,Errors!$I:$I,"TV*") -> 0 | BD48: =COUNTIFS(Errors!$F:$F,Analysis!$AE48,Errors!$D:$D,Analysis!$BD$2,Errors!$I:$I,"TV*") -> 0 | BE48: =COUNTIFS(Errors!$F:$F,Analysis!$AE48,Errors!$D:$D,Analysis!$BE$2,Errors!$I:$I,"TV*") -> 0 | BF48: =COUNTIFS(Errors!$F:$F,Analysis!$AE48,Errors!$D:$D,Analysis!$BF$2,Errors!$I:$I,"TV*") -> 0 | BG48: =COUNTIFS(Errors!$F:$F,Analysis!$AE48,Errors!$D:$D,Analysis!$BG$2,Errors!$I:$I,"TV*") -> 0 | BH48: =COUNTIFS(Errors!$F:$F,Analysis!$AE48,Errors!$D:$D,Analysis!$BH$2,Errors!$I:$I,"TV*") -> 0 | BI48: =COUNTIFS(Errors!$F:$F,Analysis!$AE48,Errors!$D:$D,Analysis!$BI$2,Errors!$I:$I,"TV*") -> 0 | BJ48: =COUNTIFS(Errors!$F:$F,Analysis!$AE48,Errors!$D:$D,Analysis!$BJ$2,Errors!$I:$I,"TV*") -> 0 | BL48: =SUM(AF48:BJ48) -> 0 | BN48: =AVERAGE(AF48:BJ48) -> 0 | BO48: Baccarat_PB3 | BS48: Baccarat_PB3 | BT48: =COUNTIFS(Errors!$D:$D,Analysis!BT$1,Errors!$F:$F,Analysis!$BS48,Errors!$P:$P,"YES") -> 0 | BU48: =COUNTIFS(Errors!$D:$D,Analysis!BU$1,Errors!$F:$F,Analysis!$BS48,Errors!$P:$P,"YES") -> 0 | BV48: =COUNTIFS(Errors!$D:$D,Analysis!BV$1,Errors!$F:$F,Analysis!$BS48,Errors!$P:$P,"YES") -> 0 | BW48: =COUNTIFS(Errors!$D:$D,Analysis!BW$1,Errors!$F:$F,Analysis!$BS48,Errors!$P:$P,"YES") -> 0 | BX48: =COUNTIFS(Errors!$D:$D,Analysis!BX$1,Errors!$F:$F,Analysis!$BS48,Errors!$P:$P,"YES") -> 0 | BY48: =COUNTIFS(Errors!$D:$D,Analysis!BY$1,Errors!$F:$F,Analysis!$BS48,Errors!$P:$P,"YES") -> 0 | BZ48: =COUNTIFS(Errors!$D:$D,Analysis!BZ$1,Errors!$F:$F,Analysis!$BS48,Errors!$P:$P,"YES") -> 0 | CA48: =COUNTIFS(Errors!$D:$D,Analysis!CA$1,Errors!$F:$F,Analysis!$BS48,Errors!$P:$P,"YES") -> 0 | ... CX48: =COUNTIFS(Errors!$D:$D,Analysis!CX$1,Errors!$F:$F,Analysis!$BS48,Errors!$P:$P,"YES") -> 0 | CZ48: =SUM(BT48:CX48) -> 0 | DB48: =AVERAGE(BT48:CX48) -> 0 | DC48: Baccarat_PB3
B49: B012 | C49: Extra card placed wrong side. | I49: =COUNTIF(Errors!$I$3:$I$3008,$B49) -> 0 | K49: R10 | L49: Dealer did not stop the wheel when needed by which caused a techincal error and interface showed wrong wheel direction | R49: =COUNTIF(Errors!$I$3:$I$3008,$K49) -> 0 | AF49: =COUNTIFS(Errors!$F:$F,Analysis!$AE49,Errors!$D:$D,Analysis!$AF$2,Errors!$I:$I,"TV*") -> 0 | AG49: =COUNTIFS(Errors!$F:$F,Analysis!$AE49,Errors!$D:$D,Analysis!$AG$2,Errors!$I:$I,"TV*") -> 0 | AH49: =COUNTIFS(Errors!$F:$F,Analysis!$AE49,Errors!$D:$D,Analysis!$AH$2,Errors!$I:$I,"TV*") -> 0 | AI49: =COUNTIFS(Errors!$F:$F,Analysis!$AE49,Errors!$D:$D,Analysis!$AI$2,Errors!$I:$I,"TV*") -> 0 | AJ49: =COUNTIFS(Errors!$F:$F,Analysis!$AE49,Errors!$D:$D,Analysis!$AJ$2,Errors!$I:$I,"TV*") -> 0 | AK49: =COUNTIFS(Errors!$F:$F,Analysis!$AE49,Errors!$D:$D,Analysis!$AK$2,Errors!$I:$I,"TV*") -> 0 | AL49: =COUNTIFS(Errors!$F:$F,Analysis!$AE49,Errors!$D:$D,Analysis!$AL$2,Errors!$I:$I,"TV*") -> 0 | AM49: =COUNTIFS(Errors!$F:$F,Analysis!$AE49,Errors!$D:$D,Analysis!$AM$2,Errors!$I:$I,"TV*") -> 0 | AN49: =COUNTIFS(Errors!$F:$F,Analysis!$AE49,Errors!$D:$D,Analysis!$AN$2,Errors!$I:$I,"TV*") -> 0 | AO49: =COUNTIFS(Errors!$F:$F,Analysis!$AE49,Errors!$D:$D,Analysis!$AO$2,Errors!$I:$I,"TV*") -> 0 | AP49: =COUNTIFS(Errors!$F:$F,Analysis!$AE49,Errors!$D:$D,Analysis!$AP$2,Errors!$I:$I,"TV*") -> 0 | AQ49: =COUNTIFS(Errors!$F:$F,Analysis!$AE49,Errors!$D:$D,Analysis!$AQ$2,Errors!$I:$I,"TV*") -> 0 | AR49: =COUNTIFS(Errors!$F:$F,Analysis!$AE49,Errors!$D:$D,Analysis!$AR$2,Errors!$I:$I,"TV*") -> 0 | AS49: =COUNTIFS(Errors!$F:$F,Analysis!$AE49,Errors!$D:$D,Analysis!$AS$2,Errors!$I:$I,"TV*") -> 0 | AT49: =COUNTIFS(Errors!$F:$F,Analysis!$AE49,Errors!$D:$D,Analysis!$AT$2,Errors!$I:$I,"TV*") -> 0 | AU49: =COUNTIFS(Errors!$F:$F,Analysis!$AE49,Errors!$D:$D,Analysis!$AU$2,Errors!$I:$I,"TV*") -> 0 | AV49: =COUNTIFS(Errors!$F:$F,Analysis!$AE49,Errors!$D:$D,Analysis!$AV$2,Errors!$I:$I,"TV*") -> 0 | AW49: =COUNTIFS(Errors!$F:$F,Analysis!$AE49,Errors!$D:$D,Analysis!$AW$2,Errors!$I:$I,"TV*") -> 0 | AX49: =COUNTIFS(Errors!$F:$F,Analysis!$AE49,Errors!$D:$D,Analysis!$AX$2,Errors!$I:$I,"TV*") -> 0 | AY49: =COUNTIFS(Errors!$F:$F,Analysis!$AE49,Errors!$D:$D,Analysis!$AY$2,Errors!$I:$I,"TV*") -> 0 | AZ49: =COUNTIFS(Errors!$F:$F,Analysis!$AE49,Errors!$D:$D,Analysis!$AZ$2,Errors!$I:$I,"TV*") -> 0 | BA49: =COUNTIFS(Errors!$F:$F,Analysis!$AE49,Errors!$D:$D,Analysis!$BA$2,Errors!$I:$I,"TV*") -> 0 | BB49: =COUNTIFS(Errors!$F:$F,Analysis!$AE49,Errors!$D:$D,Analysis!$BB$2,Errors!$I:$I,"TV*") -> 0 | BC49: =COUNTIFS(Errors!$F:$F,Analysis!$AE49,Errors!$D:$D,Analysis!$BC$2,Errors!$I:$I,"TV*") -> 0 | BD49: =COUNTIFS(Errors!$F:$F,Analysis!$AE49,Errors!$D:$D,Analysis!$BD$2,Errors!$I:$I,"TV*") -> 0 | BE49: =COUNTIFS(Errors!$F:$F,Analysis!$AE49,Errors!$D:$D,Analysis!$BE$2,Errors!$I:$I,"TV*") -> 0 | BF49: =COUNTIFS(Errors!$F:$F,Analysis!$AE49,Errors!$D:$D,Analysis!$BF$2,Errors!$I:$I,"TV*") -> 0 | BG49: =COUNTIFS(Errors!$F:$F,Analysis!$AE49,Errors!$D:$D,Analysis!$BG$2,Errors!$I:$I,"TV*") -> 0 | BH49: =COUNTIFS(Errors!$F:$F,Analysis!$AE49,Errors!$D:$D,Analysis!$BH$2,Errors!$I:$I,"TV*") -> 0 | BI49: =COUNTIFS(Errors!$F:$F,Analysis!$AE49,Errors!$D:$D,Analysis!$BI$2,Errors!$I:$I,"TV*") -> 0 | BJ49: =COUNTIFS(Errors!$F:$F,Analysis!$AE49,Errors!$D:$D,Analysis!$BJ$2,Errors!$I:$I,"TV*") -> 0 | BL49: =SUM(AF49:BJ49) -> 0 | BN49: =AVERAGE(AF49:BJ49) -> 0 | BO49: Baccarat_PB4 | BS49: Baccarat_PB4 | BT49: =COUNTIFS(Errors!$D:$D,Analysis!BT$1,Errors!$F:$F,Analysis!$BS49,Errors!$P:$P,"YES") -> 0 | BU49: =COUNTIFS(Errors!$D:$D,Analysis!BU$1,Errors!$F:$F,Analysis!$BS49,Errors!$P:$P,"YES") -> 0 | BV49: =COUNTIFS(Errors!$D:$D,Analysis!BV$1,Errors!$F:$F,Analysis!$BS49,Errors!$P:$P,"YES") -> 0 | BW49: =COUNTIFS(Errors!$D:$D,Analysis!BW$1,Errors!$F:$F,Analysis!$BS49,Errors!$P:$P,"YES") -> 0 | BX49: =COUNTIFS(Errors!$D:$D,Analysis!BX$1,Errors!$F:$F,Analysis!$BS49,Errors!$P:$P,"YES") -> 0 | BY49: =COUNTIFS(Errors!$D:$D,Analysis!BY$1,Errors!$F:$F,Analysis!$BS49,Errors!$P:$P,"YES") -> 0 | BZ49: =COUNTIFS(Errors!$D:$D,Analysis!BZ$1,Errors!$F:$F,Analysis!$BS49,Errors!$P:$P,"YES") -> 0 | CA49: =COUNTIFS(Errors!$D:$D,Analysis!CA$1,Errors!$F:$F,Analysis!$BS49,Errors!$P:$P,"YES") -> 0 | ... CX49: =COUNTIFS(Errors!$D:$D,Analysis!CX$1,Errors!$F:$F,Analysis!$BS49,Errors!$P:$P,"YES") -> 0 | CZ49: =SUM(BT49:CX49) -> 0 | DB49: =AVERAGE(BT49:CX49) -> 0 | DC49: Baccarat_PB4
B50: B013 | C50: Dealer drops cards in shoe/table while changing cards. Cards did not fall out of camera view | I50: =COUNTIF(Errors!$I$3:$I$3008,$B50) -> 26 | K50: R11 | L50: Dealer puts second ball into play | R50: =COUNTIF(Errors!$I$3:$I$3008,$K50) -> 0 | AF50: =COUNTIFS(Errors!$F:$F,Analysis!$AE50,Errors!$D:$D,Analysis!$AF$2,Errors!$I:$I,"TV*") -> 0 | AG50: =COUNTIFS(Errors!$F:$F,Analysis!$AE50,Errors!$D:$D,Analysis!$AG$2,Errors!$I:$I,"TV*") -> 0 | AH50: =COUNTIFS(Errors!$F:$F,Analysis!$AE50,Errors!$D:$D,Analysis!$AH$2,Errors!$I:$I,"TV*") -> 0 | AI50: =COUNTIFS(Errors!$F:$F,Analysis!$AE50,Errors!$D:$D,Analysis!$AI$2,Errors!$I:$I,"TV*") -> 0 | AJ50: =COUNTIFS(Errors!$F:$F,Analysis!$AE50,Errors!$D:$D,Analysis!$AJ$2,Errors!$I:$I,"TV*") -> 0 | AK50: =COUNTIFS(Errors!$F:$F,Analysis!$AE50,Errors!$D:$D,Analysis!$AK$2,Errors!$I:$I,"TV*") -> 0 | AL50: =COUNTIFS(Errors!$F:$F,Analysis!$AE50,Errors!$D:$D,Analysis!$AL$2,Errors!$I:$I,"TV*") -> 0 | AM50: =COUNTIFS(Errors!$F:$F,Analysis!$AE50,Errors!$D:$D,Analysis!$AM$2,Errors!$I:$I,"TV*") -> 0 | AN50: =COUNTIFS(Errors!$F:$F,Analysis!$AE50,Errors!$D:$D,Analysis!$AN$2,Errors!$I:$I,"TV*") -> 0 | AO50: =COUNTIFS(Errors!$F:$F,Analysis!$AE50,Errors!$D:$D,Analysis!$AO$2,Errors!$I:$I,"TV*") -> 0 | AP50: =COUNTIFS(Errors!$F:$F,Analysis!$AE50,Errors!$D:$D,Analysis!$AP$2,Errors!$I:$I,"TV*") -> 0 | AQ50: =COUNTIFS(Errors!$F:$F,Analysis!$AE50,Errors!$D:$D,Analysis!$AQ$2,Errors!$I:$I,"TV*") -> 0 | AR50: =COUNTIFS(Errors!$F:$F,Analysis!$AE50,Errors!$D:$D,Analysis!$AR$2,Errors!$I:$I,"TV*") -> 0 | AS50: =COUNTIFS(Errors!$F:$F,Analysis!$AE50,Errors!$D:$D,Analysis!$AS$2,Errors!$I:$I,"TV*") -> 0 | AT50: =COUNTIFS(Errors!$F:$F,Analysis!$AE50,Errors!$D:$D,Analysis!$AT$2,Errors!$I:$I,"TV*") -> 0 | AU50: =COUNTIFS(Errors!$F:$F,Analysis!$AE50,Errors!$D:$D,Analysis!$AU$2,Errors!$I:$I,"TV*") -> 0 | AV50: =COUNTIFS(Errors!$F:$F,Analysis!$AE50,Errors!$D:$D,Analysis!$AV$2,Errors!$I:$I,"TV*") -> 0 | AW50: =COUNTIFS(Errors!$F:$F,Analysis!$AE50,Errors!$D:$D,Analysis!$AW$2,Errors!$I:$I,"TV*") -> 0 | AX50: =COUNTIFS(Errors!$F:$F,Analysis!$AE50,Errors!$D:$D,Analysis!$AX$2,Errors!$I:$I,"TV*") -> 0 | AY50: =COUNTIFS(Errors!$F:$F,Analysis!$AE50,Errors!$D:$D,Analysis!$AY$2,Errors!$I:$I,"TV*") -> 0 | AZ50: =COUNTIFS(Errors!$F:$F,Analysis!$AE50,Errors!$D:$D,Analysis!$AZ$2,Errors!$I:$I,"TV*") -> 0 | BA50: =COUNTIFS(Errors!$F:$F,Analysis!$AE50,Errors!$D:$D,Analysis!$BA$2,Errors!$I:$I,"TV*") -> 0 | BB50: =COUNTIFS(Errors!$F:$F,Analysis!$AE50,Errors!$D:$D,Analysis!$BB$2,Errors!$I:$I,"TV*") -> 0 | BC50: =COUNTIFS(Errors!$F:$F,Analysis!$AE50,Errors!$D:$D,Analysis!$BC$2,Errors!$I:$I,"TV*") -> 0 | BD50: =COUNTIFS(Errors!$F:$F,Analysis!$AE50,Errors!$D:$D,Analysis!$BD$2,Errors!$I:$I,"TV*") -> 0 | BE50: =COUNTIFS(Errors!$F:$F,Analysis!$AE50,Errors!$D:$D,Analysis!$BE$2,Errors!$I:$I,"TV*") -> 0 | BF50: =COUNTIFS(Errors!$F:$F,Analysis!$AE50,Errors!$D:$D,Analysis!$BF$2,Errors!$I:$I,"TV*") -> 0 | BG50: =COUNTIFS(Errors!$F:$F,Analysis!$AE50,Errors!$D:$D,Analysis!$BG$2,Errors!$I:$I,"TV*") -> 0 | BH50: =COUNTIFS(Errors!$F:$F,Analysis!$AE50,Errors!$D:$D,Analysis!$BH$2,Errors!$I:$I,"TV*") -> 0 | BI50: =COUNTIFS(Errors!$F:$F,Analysis!$AE50,Errors!$D:$D,Analysis!$BI$2,Errors!$I:$I,"TV*") -> 0 | BJ50: =COUNTIFS(Errors!$F:$F,Analysis!$AE50,Errors!$D:$D,Analysis!$BJ$2,Errors!$I:$I,"TV*") -> 0 | BL50: =SUM(AF50:BJ50) -> 0 | BN50: =AVERAGE(AF50:BJ50) -> 0 | BO50: Roulette_PB1 | BS50: Roulette_PB1 | BT50: =COUNTIFS(Errors!$D:$D,Analysis!BT$1,Errors!$F:$F,Analysis!$BS50,Errors!$P:$P,"YES") -> 0 | BU50: =COUNTIFS(Errors!$D:$D,Analysis!BU$1,Errors!$F:$F,Analysis!$BS50,Errors!$P:$P,"YES") -> 0 | BV50: =COUNTIFS(Errors!$D:$D,Analysis!BV$1,Errors!$F:$F,Analysis!$BS50,Errors!$P:$P,"YES") -> 0 | BW50: =COUNTIFS(Errors!$D:$D,Analysis!BW$1,Errors!$F:$F,Analysis!$BS50,Errors!$P:$P,"YES") -> 0 | BX50: =COUNTIFS(Errors!$D:$D,Analysis!BX$1,Errors!$F:$F,Analysis!$BS50,Errors!$P:$P,"YES") -> 0 | BY50: =COUNTIFS(Errors!$D:$D,Analysis!BY$1,Errors!$F:$F,Analysis!$BS50,Errors!$P:$P,"YES") -> 0 | BZ50: =COUNTIFS(Errors!$D:$D,Analysis!BZ$1,Errors!$F:$F,Analysis!$BS50,Errors!$P:$P,"YES") -> 0 | CA50: =COUNTIFS(Errors!$D:$D,Analysis!CA$1,Errors!$F:$F,Analysis!$BS50,Errors!$P:$P,"YES") -> 0 | ... CX50: =COUNTIFS(Errors!$D:$D,Analysis!CX$1,Errors!$F:$F,Analysis!$BS50,Errors!$P:$P,"YES") -> 0 | CZ50: =SUM(BT50:CX50) -> 0 | DB50: =AVERAGE(BT50:CX50) -> 0 | DC50: Roulette_PB1
B51: B014 | C51: After cut card, dealer didn’t play last game and started to change the cards | I51: =COUNTIF(Errors!$I$3:$I$3008,$B51) -> 0 | K51: R12 | L51: Dealer starts new game before finishing last game (Spins the wheel/ball before confirming the previous winning number) | R51: =COUNTIF(Errors!$I$3:$I$3008,$K51) -> 2 | AF51: =COUNTIFS(Errors!$F:$F,Analysis!$AE51,Errors!$D:$D,Analysis!$AF$2,Errors!$I:$I,"TV*") -> 0 | AG51: =COUNTIFS(Errors!$F:$F,Analysis!$AE51,Errors!$D:$D,Analysis!$AG$2,Errors!$I:$I,"TV*") -> 0 | AH51: =COUNTIFS(Errors!$F:$F,Analysis!$AE51,Errors!$D:$D,Analysis!$AH$2,Errors!$I:$I,"TV*") -> 0 | AI51: =COUNTIFS(Errors!$F:$F,Analysis!$AE51,Errors!$D:$D,Analysis!$AI$2,Errors!$I:$I,"TV*") -> 0 | AJ51: =COUNTIFS(Errors!$F:$F,Analysis!$AE51,Errors!$D:$D,Analysis!$AJ$2,Errors!$I:$I,"TV*") -> 0 | AK51: =COUNTIFS(Errors!$F:$F,Analysis!$AE51,Errors!$D:$D,Analysis!$AK$2,Errors!$I:$I,"TV*") -> 0 | AL51: =COUNTIFS(Errors!$F:$F,Analysis!$AE51,Errors!$D:$D,Analysis!$AL$2,Errors!$I:$I,"TV*") -> 0 | AM51: =COUNTIFS(Errors!$F:$F,Analysis!$AE51,Errors!$D:$D,Analysis!$AM$2,Errors!$I:$I,"TV*") -> 0 | AN51: =COUNTIFS(Errors!$F:$F,Analysis!$AE51,Errors!$D:$D,Analysis!$AN$2,Errors!$I:$I,"TV*") -> 0 | AO51: =COUNTIFS(Errors!$F:$F,Analysis!$AE51,Errors!$D:$D,Analysis!$AO$2,Errors!$I:$I,"TV*") -> 0 | AP51: =COUNTIFS(Errors!$F:$F,Analysis!$AE51,Errors!$D:$D,Analysis!$AP$2,Errors!$I:$I,"TV*") -> 0 | AQ51: =COUNTIFS(Errors!$F:$F,Analysis!$AE51,Errors!$D:$D,Analysis!$AQ$2,Errors!$I:$I,"TV*") -> 0 | AR51: =COUNTIFS(Errors!$F:$F,Analysis!$AE51,Errors!$D:$D,Analysis!$AR$2,Errors!$I:$I,"TV*") -> 0 | AS51: =COUNTIFS(Errors!$F:$F,Analysis!$AE51,Errors!$D:$D,Analysis!$AS$2,Errors!$I:$I,"TV*") -> 0 | AT51: =COUNTIFS(Errors!$F:$F,Analysis!$AE51,Errors!$D:$D,Analysis!$AT$2,Errors!$I:$I,"TV*") -> 0 | AU51: =COUNTIFS(Errors!$F:$F,Analysis!$AE51,Errors!$D:$D,Analysis!$AU$2,Errors!$I:$I,"TV*") -> 0 | AV51: =COUNTIFS(Errors!$F:$F,Analysis!$AE51,Errors!$D:$D,Analysis!$AV$2,Errors!$I:$I,"TV*") -> 0 | AW51: =COUNTIFS(Errors!$F:$F,Analysis!$AE51,Errors!$D:$D,Analysis!$AW$2,Errors!$I:$I,"TV*") -> 0 | AX51: =COUNTIFS(Errors!$F:$F,Analysis!$AE51,Errors!$D:$D,Analysis!$AX$2,Errors!$I:$I,"TV*") -> 0 | AY51: =COUNTIFS(Errors!$F:$F,Analysis!$AE51,Errors!$D:$D,Analysis!$AY$2,Errors!$I:$I,"TV*") -> 0 | AZ51: =COUNTIFS(Errors!$F:$F,Analysis!$AE51,Errors!$D:$D,Analysis!$AZ$2,Errors!$I:$I,"TV*") -> 0 | BA51: =COUNTIFS(Errors!$F:$F,Analysis!$AE51,Errors!$D:$D,Analysis!$BA$2,Errors!$I:$I,"TV*") -> 0 | BB51: =COUNTIFS(Errors!$F:$F,Analysis!$AE51,Errors!$D:$D,Analysis!$BB$2,Errors!$I:$I,"TV*") -> 0 | BC51: =COUNTIFS(Errors!$F:$F,Analysis!$AE51,Errors!$D:$D,Analysis!$BC$2,Errors!$I:$I,"TV*") -> 0 | BD51: =COUNTIFS(Errors!$F:$F,Analysis!$AE51,Errors!$D:$D,Analysis!$BD$2,Errors!$I:$I,"TV*") -> 0 | BE51: =COUNTIFS(Errors!$F:$F,Analysis!$AE51,Errors!$D:$D,Analysis!$BE$2,Errors!$I:$I,"TV*") -> 0 | BF51: =COUNTIFS(Errors!$F:$F,Analysis!$AE51,Errors!$D:$D,Analysis!$BF$2,Errors!$I:$I,"TV*") -> 0 | BG51: =COUNTIFS(Errors!$F:$F,Analysis!$AE51,Errors!$D:$D,Analysis!$BG$2,Errors!$I:$I,"TV*") -> 0 | BH51: =COUNTIFS(Errors!$F:$F,Analysis!$AE51,Errors!$D:$D,Analysis!$BH$2,Errors!$I:$I,"TV*") -> 0 | BI51: =COUNTIFS(Errors!$F:$F,Analysis!$AE51,Errors!$D:$D,Analysis!$BI$2,Errors!$I:$I,"TV*") -> 0 | BJ51: =COUNTIFS(Errors!$F:$F,Analysis!$AE51,Errors!$D:$D,Analysis!$BJ$2,Errors!$I:$I,"TV*") -> 0 | BL51: =SUM(AF51:BJ51) -> 0 | BN51: =AVERAGE(AF51:BJ51) -> 0 | BO51: Roulette_E1 | BS51: Roulette_E1 | BT51: =COUNTIFS(Errors!$D:$D,Analysis!BT$1,Errors!$F:$F,Analysis!$BS51,Errors!$P:$P,"YES") -> 0 | BU51: =COUNTIFS(Errors!$D:$D,Analysis!BU$1,Errors!$F:$F,Analysis!$BS51,Errors!$P:$P,"YES") -> 0 | BV51: =COUNTIFS(Errors!$D:$D,Analysis!BV$1,Errors!$F:$F,Analysis!$BS51,Errors!$P:$P,"YES") -> 0 | BW51: =COUNTIFS(Errors!$D:$D,Analysis!BW$1,Errors!$F:$F,Analysis!$BS51,Errors!$P:$P,"YES") -> 0 | BX51: =COUNTIFS(Errors!$D:$D,Analysis!BX$1,Errors!$F:$F,Analysis!$BS51,Errors!$P:$P,"YES") -> 0 | BY51: =COUNTIFS(Errors!$D:$D,Analysis!BY$1,Errors!$F:$F,Analysis!$BS51,Errors!$P:$P,"YES") -> 0 | BZ51: =COUNTIFS(Errors!$D:$D,Analysis!BZ$1,Errors!$F:$F,Analysis!$BS51,Errors!$P:$P,"YES") -> 0 | CA51: =COUNTIFS(Errors!$D:$D,Analysis!CA$1,Errors!$F:$F,Analysis!$BS51,Errors!$P:$P,"YES") -> 0 | ... CX51: =COUNTIFS(Errors!$D:$D,Analysis!CX$1,Errors!$F:$F,Analysis!$BS51,Errors!$P:$P,"YES") -> 0 | CZ51: =SUM(BT51:CX51) -> 0 | DB51: =AVERAGE(BT51:CX51) -> 0 | DC51: Roulette_E1
